Date,Open,High,Low,Close,Adj Close,Volume
2013-01-02,19.99,20.209999,19.690001,19.690001,18.086271,30182600.0
2013-01-03,19.809999,20.4,19.700001,20.4,18.738441,30552600.0
2013-01-04,20.33,20.620001,20.17,20.43,18.766001,36141000.0
2013-01-07,20.48,20.67,19.950001,20.08,18.444506,28069600.0
2013-01-08,20.110001,20.23,19.459999,19.5,17.911745,29091300.0
2013-01-09,19.639999,19.870001,19.459999,19.68,18.077084,24361100.0
2013-01-10,19.77,20.049999,19.540001,19.83,18.214869,17526200.0
2013-01-11,19.85,20.040001,19.700001,19.879999,18.260794,18223600.0
2013-01-14,20.01,20.24,19.690001,19.719999,18.113827,28302400.0
2013-01-15,20.01,20.24,19.690001,19.82,18.205681,29633900.0
2013-01-16,19.889999,19.889999,19.6,19.84,18.224054,16787800.0
2013-01-17,19.860001,19.93,19.6,19.709999,18.104639,19719600.0
2013-01-18,19.799999,19.889999,19.540001,19.58,17.985229,18913900.0
2013-01-21,19.57,19.6,19.27,19.389999,17.810705,18086200.0
2013-01-22,19.42,19.610001,19.23,19.58,17.985229,23535100.0
2013-01-23,19.42,19.629999,19.23,19.549999,17.957674,17200800.0
2013-01-24,19.370001,19.75,19.370001,19.610001,18.012787,19612600.0
2013-01-28,19.73,19.809999,19.27,19.370001,17.792336,20122600.0
2013-01-29,19.35,19.370001,18.84,19.110001,17.553513,27097900.0
2013-01-30,18.99,18.99,18.17,18.200001,16.717628,66985800.0
2013-01-31,18.26,18.33,17.9,18.08,16.607405,33246400.0
2013-02-01,18.139999,18.65,18.120001,18.459999,16.956451,28860400.0
2013-02-04,18.16,18.35,17.889999,18.0,16.53392,32294300.0
2013-02-05,17.280001,18.290001,17.26,18.08,16.607405,77332900.0
2013-02-06,17.93,18.0,17.530001,17.6,16.1665,30886100.0
2013-02-07,17.75,17.98,17.32,17.5,16.074644,37066400.0
2013-02-08,17.549999,17.780001,17.379999,17.74,16.295095,31068100.0
2013-02-13,17.950001,18.0,17.73,17.799999,16.350208,22328200.0
2013-02-14,17.790001,17.9,17.58,17.67,16.230797,25902900.0
2013-02-15,17.610001,17.790001,17.530001,17.629999,16.194056,25001600.0
2013-02-18,17.639999,17.950001,17.52,17.9,16.442064,20291600.0
2013-02-19,17.91,18.18,17.889999,18.1,16.625774,28822000.0
2013-02-20,18.1,18.1,17.549999,17.620001,16.18487,25939500.0
2013-02-21,17.469999,17.57,17.200001,17.32,15.909304,30382300.0
2013-02-22,17.51,17.51,17.01,17.15,15.75315,30901800.0
2013-02-25,17.049999,17.1,16.85,16.950001,15.569441,30504000.0
2013-02-26,16.780001,16.860001,16.530001,16.74,15.376545,33405100.0
2013-02-27,16.790001,16.98,16.639999,16.809999,15.440844,28607500.0
2013-02-28,16.76,16.85,16.549999,16.610001,15.257133,27829200.0
2013-03-01,16.5,17.02,16.4,16.9,15.523514,31519900.0
2013-03-04,16.82,17.1,16.48,16.5,15.156093,35543300.0
2013-03-05,16.629999,16.76,16.469999,16.559999,15.211204,31669900.0
2013-03-06,17.6,18.27,17.219999,18.049999,16.579845,73898000.0
2013-03-07,18.309999,19.58,18.309999,18.950001,17.406544,62419400.0
2013-03-08,18.790001,19.32,18.16,18.370001,16.873783,30589700.0
2013-03-11,18.290001,18.969999,17.92,18.93,17.38817,25088800.0
2013-03-12,18.85,19.139999,18.629999,18.74,17.213646,26135700.0
2013-03-13,18.809999,19.200001,18.73,18.75,17.222834,31665300.0
2013-03-14,18.98,19.379999,18.6,19.290001,17.718851,27172500.0
2013-03-15,19.4,19.549999,19.01,19.09,17.535139,43819400.0
2013-03-18,18.9,19.35,18.84,19.200001,17.636181,40451100.0
2013-03-19,18.9,19.35,18.83,19.1,17.544325,33822900.0
2013-03-20,19.049999,19.16,18.68,18.85,17.314688,27636600.0
2013-03-21,18.719999,18.860001,18.49,18.530001,17.020752,21978600.0
2013-03-22,18.549999,18.709999,18.459999,18.629999,17.112604,16137700.0
2013-03-25,18.73,18.82,18.42,18.59,17.075865,24340200.0
2013-03-26,18.73,18.879999,18.48,18.59,17.075865,15781800.0
2013-03-27,18.6,18.610001,18.35,18.42,16.91971,13305100.0
2013-03-28,18.435000000000002,18.495,18.185000000000002,18.2250005,16.740594,14425000.0
2013-04-01,18.27,18.379999,18.02,18.030001,16.561478,15544900.0
2013-04-02,18.27,18.379999,17.67,17.700001,16.258356,20565900.0
2013-04-03,17.68,18.02,17.68,18.0,16.53392,15685100.0
2013-04-04,17.950001,18.209999,17.700001,17.709999,16.26754,19446600.0
2013-04-05,17.58,17.91,17.549999,17.799999,16.350208,17060000.0
2013-04-08,17.860001,17.91,17.34,17.370001,15.955233,21977500.0
2013-04-09,17.48,18.25,17.48,18.15,16.671701,30757500.0
2013-04-10,18.209999,18.65,18.17,18.42,16.91971,31780200.0
2013-04-11,18.469999,18.530001,17.870001,17.99,16.524733,22207700.0
2013-04-12,17.940001,18.08,17.530001,17.959999,16.497175,27398100.0
2013-04-15,17.700001,17.83,17.120001,17.23,15.826633,35788600.0
2013-04-16,17.469999,17.75,17.43,17.700001,16.258356,23747400.0
2013-04-17,17.440001,17.6,16.98,17.17,15.771523,39388400.0
2013-04-18,17.32,17.940001,17.120001,17.82,16.368582,28503000.0
2013-04-19,18.15,18.48,17.950001,18.389999,16.892153,38352400.0
2013-04-22,18.370001,18.790001,18.17,18.790001,17.259577,24193100.0
2013-04-23,18.709999,19.52,18.66,19.120001,17.562698,34735500.0
2013-04-24,19.059999,19.66,19.01,19.440001,17.856634,33313000.0
2013-04-25,19.469999,19.690001,19.139999,19.17,17.608624,35164600.0
2013-04-26,19.7349995,20.135000499999997,19.54,19.795,18.1827185,52952200.0
2013-04-29,20.0,20.58,19.940001,20.42,18.756813,70739800.0
2013-04-30,19.65,20.1,19.440001,20.09,18.803612,45900400.0
2013-05-02,19.85,20.629999,19.85,20.25,18.953367,33746700.0
2013-05-03,20.49,20.66,19.889999,19.969999,18.691296,43006300.0
2013-05-06,20.01,20.370001,19.82,20.33,19.028244,31141800.0
2013-05-07,20.4,20.74,20.280001,20.620001,19.299677,26392200.0
2013-05-08,20.75,20.82,20.219999,20.290001,18.990807,24409000.0
2013-05-09,20.25,20.52,20.09,20.299999,19.000166,22864300.0
2013-05-10,20.16,20.389999,19.709999,19.959999,18.681934,22031200.0
2013-05-13,19.809999,19.85,19.379999,19.49,18.242029,21577600.0
2013-05-14,19.530001,19.68,19.25,19.549999,18.298189,30643700.0
2013-05-15,19.5,19.639999,19.33,19.57,18.316908,21869300.0
2013-05-16,19.52,20.08,19.459999,19.75,18.485382,25067200.0
2013-05-17,19.91,20.049999,19.790001,19.889999,18.616419,19040100.0
2013-05-20,19.91,20.25,19.559999,20.200001,18.906569,30571700.0
2013-05-21,20.190001,20.379999,19.98,20.25,18.953367,23442000.0
2013-05-22,20.27,20.4,19.68,19.92,18.644497,35008900.0
2013-05-23,19.549999,19.860001,19.48,19.860001,18.588339,33324000.0
2013-05-24,19.889999,20.16,19.790001,20.09,18.803612,37019600.0
2013-05-27,20.01,20.15,19.92,19.93,18.653858,5829800.0
2013-05-28,20.16,20.34,20.01,20.040001,18.756815,27705200.0
2013-05-29,19.92,20.07,19.799999,19.85,18.578979,24961000.0
2013-05-31,19.870001,20.360001,19.799999,20.059999,18.775532,35298900.0
2013-06-03,20.110001,20.440001,19.940001,20.290001,18.990807,30659400.0
2013-06-04,20.459999,20.469999,19.959999,20.07,18.784891,24447600.0
2013-06-05,20.0,20.129999,19.32,19.42,18.176514,32247700.0
2013-06-06,19.459999,19.549999,19.08,19.459999,18.213951,27173200.0
2013-06-07,18.950001,19.27,18.719999,18.84,17.633652,38700300.0
2013-06-10,18.84,19.120001,18.83,18.879999,17.671089,20083800.0
2013-06-11,18.65,18.790001,18.23,18.530001,17.343502,32153800.0
2013-06-12,18.67,18.799999,18.059999,18.120001,16.959755,37220900.0
2013-06-13,18.1,19.02,17.940001,18.799999,17.59621,31233400.0
2013-06-14,18.65,18.860001,18.0,18.35,17.175026,38201000.0
2013-06-17,18.450001,18.530001,17.959999,18.09,16.931673,24946300.0
2013-06-18,17.950001,18.08,17.620001,17.83,16.688322,31790400.0
2013-06-19,17.889999,17.950001,17.15,17.200001,16.098663,39085200.0
2013-06-20,16.9,17.27,16.5,16.889999,15.808511,63934700.0
2013-06-21,16.93,16.93,16.4,16.41,15.359246,42577100.0
2013-06-24,15.97,16.25,15.57,15.91,14.891262,40535500.0
2013-06-25,16.1,16.389999,15.87,16.1,15.069098,32074100.0
2013-06-26,16.139999,16.440001,16.08,16.15,15.115895,29858400.0
2013-06-27,16.219999,16.6,16.17,16.379999,15.331167,26451400.0
2013-06-28,16.35,16.35,15.94,16.17,15.134615,33968700.0
2013-07-01,16.35,16.35,15.94,16.120001,15.087817,22732600.0
2013-07-02,16.049999,16.25,15.11,15.39,14.404559,55953200.0
2013-07-03,15.24,15.98,15.15,15.9,14.881902,50191800.0
2013-07-04,16.1,16.17,15.88,15.96,14.938061,23818500.0
2013-07-05,15.81,15.82,14.94,15.15,14.179926,49067400.0
2013-07-08,15.2,15.35,14.97,15.0,14.039531,22430900.0
2013-07-10,15.18,15.44,15.06,15.25,14.273523,20890800.0
2013-07-11,15.52,15.83,15.25,15.76,14.750867,34049700.0
2013-07-12,15.66,15.92,15.27,15.43,14.441998,23796600.0
2013-07-15,15.45,15.69,15.35,15.5,14.507515,20392700.0
2013-07-16,15.64,15.8,15.47,15.75,14.741508,21047000.0
2013-07-17,15.91,16.200001,15.87,16.059999,15.031658,29311200.0
2013-07-18,16.0,16.290001,15.91,16.1,15.069098,23440300.0
2013-07-19,16.07,16.1,15.85,15.98,14.95678,18711400.0
2013-07-22,15.97,16.49,15.9,16.299999,15.25629,25517000.0
2013-07-23,16.41,16.66,16.379999,16.41,15.359246,25271000.0
2013-07-24,16.370001,16.549999,16.15,16.389999,15.340527,24012400.0
2013-07-25,16.24,16.879999,16.209999,16.84,15.761713,37212500.0
2013-07-26,16.615,16.969999,16.419999,16.759999999999998,15.686836,27471050.0
2013-07-29,16.99,17.059999,16.629999,16.68,15.611959,17729600.0
2013-07-30,16.780001,16.82,16.360001,16.459999,15.406044,22635200.0
2013-07-31,16.33,16.5,16.17,16.290001,15.246931,23703200.0
2013-08-01,16.700001,17.040001,16.6,16.940001,15.855311,31759700.0
2013-08-02,16.870001,17.040001,16.690001,16.809999,15.733634,17726400.0
2013-08-05,16.77,16.870001,16.540001,16.65,15.583879,15018300.0
2013-08-06,16.68,16.700001,16.1,16.280001,15.237571,25592100.0
2013-08-07,16.27,16.459999,16.1,16.25,15.209492,17681900.0
2013-08-08,16.35,16.85,16.200001,16.65,15.583879,25830400.0
2013-08-09,16.74,17.120001,16.52,17.08,15.986345,31884100.0
2013-08-12,17.299999,17.66,16.469999,16.6,15.537082,54624200.0
2013-08-13,16.65,16.66,16.17,16.370001,15.321808,34946200.0
2013-08-14,16.360001,17.0,16.290001,16.950001,15.86467,53853000.0
2013-08-15,16.700001,17.959999,16.67,17.83,16.688322,81143700.0
2013-08-16,17.76,18.059999,17.42,17.780001,16.641525,37711200.0
2013-08-19,17.450001,18.030001,17.360001,17.83,16.688322,49861800.0
2013-08-20,17.709999,17.85,17.110001,17.129999,16.033144,30368900.0
2013-08-21,17.07,17.780001,17.040001,17.34,16.229698,43315900.0
2013-08-22,17.799999,18.370001,17.629999,18.26,17.090788,52679300.0
2013-08-23,18.120001,18.59,18.120001,18.549999,17.362219,32500500.0
2013-08-26,18.5,18.690001,18.17,18.190001,17.025272,17906800.0
2013-08-27,17.950001,18.049999,17.450001,17.450001,16.332655,29023800.0
2013-08-28,17.51,17.75,17.09,17.16,16.061224,30051100.0
2013-08-29,17.32,17.48,16.85,16.9,15.817872,24162000.0
2013-08-30,17.32,17.48,16.52,16.99,15.902107,38933500.0
2013-09-02,17.15,17.23,16.860001,16.9,15.817872,19051300.0
2013-09-03,16.889999,17.129999,16.68,16.780001,15.705556,31474500.0
2013-09-04,16.629999,16.940001,16.559999,16.85,15.771073,36993600.0
2013-09-05,16.860001,17.809999,16.84,17.540001,16.416893,47992900.0
2013-09-06,17.799999,18.0,17.459999,17.76,16.622805,30863700.0
2013-09-09,17.77,18.219999,17.77,18.17,17.006552,29932300.0
2013-09-10,18.25,18.540001,18.17,18.34,17.165667,29063300.0
2013-09-11,18.290001,18.540001,18.07,18.25,17.081429,27324600.0
2013-09-12,18.17,18.4,17.75,17.85,16.707043,47880700.0
2013-09-13,17.85,18.27,17.799999,18.129999,16.969112,18359900.0
2013-09-16,18.43,18.719999,18.17,18.450001,17.268625,33961100.0
2013-09-17,18.59,18.6,18.299999,18.530001,17.343502,18948400.0
2013-09-18,18.41,19.0,18.16,18.9,17.68981,30957700.0
2013-09-19,18.959999,19.309999,18.76,19.16,17.933161,24470200.0
2013-09-20,19.09,19.18,18.780001,18.940001,17.727249,18955300.0
2013-09-23,19.09,19.219999,18.780001,19.15,17.923801,13990200.0
2013-09-24,19.09,19.219999,18.75,18.77,17.568134,18969200.0
2013-09-25,18.73,18.92,18.620001,18.799999,17.59621,17152400.0
2013-09-26,18.82,18.82,18.52,18.59,17.399658,18168900.0
2013-09-27,18.57,18.82,18.440001,18.48,17.296701,19065700.0
2013-09-30,18.57,19.040001,18.34,18.360001,17.184387,32326800.0
2013-10-01,18.530001,18.690001,18.370001,18.66,17.465176,15455100.0
2013-10-02,18.58,18.84,18.540001,18.780001,17.577494,10870500.0
2013-10-03,18.799999,18.83,18.43,18.540001,17.352859,18453900.0
2013-10-04,18.389999,18.68,18.07,18.67,17.474535,27996700.0
2013-10-07,18.57,18.83,18.5,18.620001,17.427738,18500000.0
2013-10-08,18.66,18.77,18.200001,18.309999,17.137587,23379200.0
2013-10-09,18.4,18.459999,17.969999,18.07,16.912954,19516400.0
2013-10-10,18.26,18.35,18.01,18.15,16.987833,22821900.0
2013-10-11,18.15,18.309999,17.99,18.1,16.941034,18833200.0
2013-10-14,18.059999,18.32,17.940001,18.27,17.100149,21569300.0
2013-10-15,18.34,18.48,18.18,18.42,17.240543,27224300.0
2013-10-16,18.469999,18.65,18.16,18.35,17.175026,35018800.0
2013-10-17,18.27,18.530001,18.16,18.209999,17.043989,26905100.0
2013-10-18,18.219999,18.389999,17.83,17.940001,16.791279,28111800.0
2013-10-21,17.99,18.98,17.709999,18.879999,17.671089,51907400.0
2013-10-22,18.959999,19.059999,18.51,18.549999,17.362219,32733500.0
2013-10-23,18.549999,18.85,18.209999,18.33,17.156307,21433300.0
2013-10-24,18.360001,18.57,18.040001,18.24,17.072069,22513200.0
2013-10-25,18.23,18.73,18.200001,18.49,17.306063,30298000.0
2013-10-28,19.42,19.9,19.01,19.889999,18.616419,73626100.0
2013-10-29,19.709999,19.959999,19.33,19.700001,18.438585,33394100.0
2013-10-30,19.83,20.110001,19.16,19.950001,18.672577,54345800.0
2013-10-31,19.959999,20.559999,19.85,20.290001,18.990807,41785200.0
2013-11-01,20.120001,20.35,19.82,19.860001,18.588339,43494000.0
2013-11-04,19.99,20.280001,19.950001,20.219999,18.925287,20508100.0
2013-11-05,20.290001,20.41,20.049999,20.25,18.953367,30093900.0
2013-11-06,20.290001,20.41,20.08,20.41,19.103123,21824900.0
2013-11-07,20.27,20.629999,19.91,20.0,18.719376,20998800.0
2013-11-08,19.950001,20.07,19.6,19.639999,18.382425,28408100.0
2013-11-11,19.66,20.120001,19.5,20.09,18.803612,22190300.0
2013-11-12,20.059999,20.25,19.450001,19.549999,18.298189,24586900.0
2013-11-13,19.549999,19.99,19.25,19.940001,18.663216,31361100.0
2013-11-14,20.0,20.5,19.959999,20.450001,19.140562,24679800.0
2013-11-18,20.5,21.440001,20.459999,21.440001,20.067171,45214900.0
2013-11-19,21.299999,21.370001,20.860001,21.110001,19.758301,42654300.0
2013-11-21,20.5,21.129999,20.389999,20.9,19.561747,35845800.0
2013-11-22,20.75,21.200001,20.639999,20.67,19.346474,23810600.0
2013-11-25,20.83,20.950001,20.309999,20.360001,19.056324,17132300.0
2013-11-26,19.9,20.040001,19.08,19.08,17.858282,38515500.0
2013-11-27,19.209999,19.360001,18.809999,18.969999,17.755325,29298900.0
2013-11-28,18.950001,19.219999,18.549999,18.66,17.465176,28872500.0
2013-11-29,18.889999,19.389999,18.77,19.120001,17.895723,37804300.0
2013-12-02,17.860001,18.07,17.35,17.360001,16.248417,78353000.0
2013-12-03,17.450001,17.879999,17.049999,17.51,16.388811,45735400.0
2013-12-04,17.76,17.76,17.370001,17.459999,16.342014,27512500.0
2013-12-05,17.76,17.83,17.370001,17.629999,16.501129,25337400.0
2013-12-06,17.73,17.780001,17.18,17.23,16.12674,32578300.0
2013-12-09,17.32,17.469999,17.120001,17.450001,16.332655,13696800.0
2013-12-10,17.360001,17.459999,17.26,17.299999,16.192259,14608900.0
2013-12-11,17.280001,17.34,16.719999,16.780001,15.705556,21615100.0
2013-12-12,16.85,17.02,16.690001,16.860001,15.780435,21980300.0
2013-12-13,16.99,17.24,16.91,17.219999,16.117382,28058000.0
2013-12-16,17.25,17.5,17.08,17.34,16.229698,32498700.0
2013-12-17,17.209999,17.35,16.799999,16.799999,15.724274,29001000.0
2013-12-18,16.950001,17.17,16.83,16.84,15.761713,22817200.0
2013-12-19,17.120001,17.290001,16.870001,17.25,16.14546,17906300.0
2013-12-20,17.25,17.290001,16.799999,16.91,15.82723,26875500.0
2013-12-23,17.02,17.17,16.870001,17.059999,15.967626,11520400.0
2013-12-26,17.15,17.190001,16.889999,16.92,15.836592,15294800.0
2013-12-27,17.0,17.02,16.82,16.93,15.84595,15114200.0
2013-12-30,16.950001,17.25,16.950001,17.08,15.986345,10598500.0
2014-01-02,17.15,17.200001,16.65,16.75,15.677477,17284800.0
2014-01-03,16.74,16.780001,16.41,16.5,15.443483,17837600.0
2014-01-06,16.450001,16.639999,16.16,16.620001,15.555801,20526500.0
2014-01-07,16.65,16.83,16.120001,16.16,15.125255,19052500.0
2014-01-08,16.27,16.389999,16.139999,16.190001,15.153335,15874600.0
2014-01-09,16.190001,16.290001,15.65,15.7,14.694709,25871700.0
2014-01-10,15.76,16.299999,15.66,15.97,14.947421,30221300.0
2014-01-13,16.01,16.110001,15.64,15.77,14.760227,21660900.0
2014-01-14,15.71,15.87,15.62,15.7,14.694709,16339200.0
2014-01-15,15.79,16.15,15.69,16.040001,15.012939,25748600.0
2014-01-16,16.040001,16.190001,15.57,15.59,14.591753,32946000.0
2014-01-17,15.72,15.77,15.45,15.51,14.516875,22865900.0
2014-01-20,15.45,15.61,15.14,15.18,14.208005,17725000.0
2014-01-21,15.34,15.34,15.31,15.34,14.35776,19893400.0
2014-01-22,15.42,15.9,15.27,15.84,14.825745,44870600.0
2014-01-23,15.67,15.91,15.46,15.47,14.479436,24150400.0
2014-01-24,15.38,15.44,14.98,15.1,14.133128,27964100.0
2014-01-27,15.21,15.29,15.04,15.11,14.142488,20818700.0
2014-01-28,15.36,15.44,15.02,15.05,14.086329,22373700.0
2014-01-29,15.06,15.14,14.7,14.8,13.852338,25561100.0
2014-01-30,14.88,15.1,14.63,14.7,13.75874,25607800.0
2014-01-31,14.64,15.07,14.55,14.7,13.75874,49314200.0
2014-02-03,14.59,14.63,13.8,13.85,12.963167,51667600.0
2014-02-04,14.04,14.22,13.77,14.09,13.1878,36400300.0
2014-02-05,14.15,14.28,13.56,13.83,12.944448,39232600.0
2014-02-06,13.94,14.36,13.88,14.21,13.300116,32126900.0
2014-02-07,14.27,14.55,14.16,14.45,13.524748,34263100.0
2014-02-10,14.36,14.7,14.33,14.61,13.674502,29123100.0
2014-02-11,14.71,15.07,14.64,14.96,14.002092,28992000.0
2014-02-12,15.08,15.1,14.78,14.96,14.002092,23713700.0
2014-02-13,14.78,14.83,14.44,14.61,13.674502,28201900.0
2014-02-14,14.71,14.71,14.47,14.58,13.646424,27084100.0
2014-02-17,14.65,14.7,14.31,14.43,13.506029,13181700.0
2014-02-18,14.42,14.58,14.11,14.11,13.206519,31555400.0
2014-02-19,14.02,14.2,13.88,14.2,13.290755,28362700.0
2014-02-20,14.06,14.34,13.98,14.16,13.253317,24473700.0
2014-02-21,14.2,14.32,14.07,14.15,13.243958,18689200.0
2014-02-24,14.11,14.57,14.01,14.5,13.571547,20993900.0
2014-02-25,14.45,14.67,14.11,14.18,13.272037,35828100.0
2014-02-26,14.2,14.25,13.68,13.7,12.822772,45181500.0
2014-02-27,13.82,14.1,13.65,14.04,13.141001,23575900.0
2014-02-28,14.1,14.15,13.58,13.59,12.719815,28318200.0
2014-03-05,13.7,13.73,13.28,13.29,12.439025,15287200.0
2014-03-06,13.42,13.72,13.31,13.43,12.570061,29223600.0
2014-03-07,13.43,13.62,13.21,13.32,12.467103,33482800.0
2014-03-10,13.27,13.37,12.9,13.01,12.176953,39540700.0
2014-03-11,13.06,13.17,12.96,13.11,12.27055,37605100.0
2014-03-12,13.11,13.46,13.08,13.32,12.467103,42963100.0
2014-03-13,13.39,13.48,13.03,13.03,12.195672,22769800.0
2014-03-14,13.08,13.12,12.77,12.78,11.961679,34674800.0
2014-03-17,12.88,12.96,12.55,12.57,11.765127,39457400.0
2014-03-18,12.64,13.05,12.57,12.97,12.139515,45126500.0
2014-03-19,12.95,13.53,12.93,13.34,12.485823,51670900.0
2014-03-20,13.23,14.04,13.16,13.99,13.094202,58253000.0
2014-03-21,13.45,14.15,13.45,14.02,13.122282,49269400.0
2014-03-24,14.17,14.43,13.87,14.42,13.496669,34293400.0
2014-03-25,14.26,14.6,14.13,14.48,13.552827,40256700.0
2014-03-26,14.55,14.69,14.35,14.4,13.477949,29664700.0
2014-03-27,14.39,15.58,14.32,15.57,14.573032,77808100.0
2014-03-28,15.57,15.77,15.2,15.66,14.65727,42344400.0
2014-03-31,15.71,15.79,15.5,15.78,14.769586,28288900.0
2014-04-01,15.72,15.85,15.48,15.81,14.797667,36206100.0
2014-04-02,15.71,16.6,15.7,15.56,14.563674,66007000.0
2014-04-03,15.53,15.65,15.12,15.4,15.369262,56189100.0
2014-04-04,15.62,15.71,15.35,15.44,15.409182,33173500.0
2014-04-07,15.7,16.459999,15.7,16.459999,16.427145,50400200.0
2014-04-08,16.799999,17.07,15.72,15.99,15.958084,69307600.0
2014-04-09,15.91,15.94,15.42,15.85,15.818364,41775400.0
2014-04-10,15.66,16.049999,15.55,15.68,15.648704,27907900.0
2014-04-11,15.53,16.200001,15.41,16.190001,16.157686,42898300.0
2014-04-14,16.280001,16.360001,15.83,15.93,15.898205,26799700.0
2014-04-15,15.76,16.09,15.13,15.32,15.289421,35870400.0
2014-04-16,15.59,15.78,15.24,15.78,15.748503,28674000.0
2014-04-17,15.9,16.6,15.54,16.379999,16.347305,44689200.0
2014-04-22,16.309999,16.67,15.84,15.96,15.928144,44896500.0
2014-04-23,15.97,16.07,15.75,16.040001,16.007986,22259300.0
2014-04-24,16.200001,16.33,15.87,16.129999,16.097803,30473600.0
2014-04-25,15.95,16.059999,15.65,16.030001,15.998005,31426800.0
2014-04-28,15.95,16.57,15.77,16.559999,16.526945,31782200.0
2014-04-29,16.68,17.1,16.51,16.690001,16.656687,42027100.0
2014-04-30,16.6,16.74,16.389999,16.559999,16.526945,27166100.0
2014-05-02,16.549999,17.73,16.51,17.700001,17.664673,52627500.0
2014-05-05,17.65,17.77,17.309999,17.57,17.534931,35540000.0
2014-05-06,17.43,18.48,17.309999,18.24,18.203592,48256400.0
2014-05-07,18.139999,18.85,18.07,18.58,18.542915,44239500.0
2014-05-08,18.6,18.799999,17.75,17.879999,17.844311,53471600.0
2014-05-09,18.049999,18.24,17.6,17.67,17.634731,34395600.0
2014-05-12,17.950001,18.1,17.77,18.030001,17.994013,20657400.0
2014-05-13,18.0,18.4,17.860001,17.959999,17.92415,27465400.0
2014-05-14,17.959999,18.34,17.85,18.290001,18.253494,23462900.0
2014-05-15,18.17,18.23,17.93,18.030001,17.994013,20492100.0
2014-05-16,18.0,18.370001,17.91,18.01,17.974052,26139800.0
2014-05-19,17.98,18.040001,17.82,17.940001,17.904192,25935900.0
2014-05-20,17.9,18.379999,17.1,17.299999,17.265469,54506300.0
2014-05-21,17.459999,17.82,17.1,17.459999,17.42515,40672100.0
2014-05-22,17.51,17.77,17.34,17.68,17.644711,32321300.0
2014-05-23,17.58,17.83,17.549999,17.700001,17.664673,18155800.0
2014-05-26,17.799999,17.91,17.709999,17.860001,17.824352,7387500.0
2014-05-27,17.93,18.030001,17.41,17.49,17.45509,23285500.0
2014-05-28,17.549999,17.790001,17.26,17.700001,17.664673,22457200.0
2014-05-29,17.75,17.799999,17.290001,17.299999,17.265469,19559700.0
2014-05-30,17.18,17.25,16.620001,16.690001,16.656687,25975000.0
2014-06-02,16.799999,16.870001,16.379999,16.549999,16.516966,26475500.0
2014-06-03,16.530001,16.959999,16.469999,16.9,16.866268,20600300.0
2014-06-04,16.85,16.93,16.52,16.6,16.566868,20905900.0
2014-06-05,16.709999,16.83,16.290001,16.32,16.287426,23391100.0
2014-06-06,17.379999,17.68,17.110001,17.68,17.644711,55365700.0
2014-06-09,17.57,18.24,17.379999,18.07,18.033932,47362400.0
2014-06-10,18.040001,18.67,17.809999,18.67,18.632734,35832900.0
2014-06-11,18.700001,18.959999,18.299999,18.879999,18.842316,48370800.0
2014-06-13,18.629999,19.07,18.610001,18.99,18.952097,28004000.0
2014-06-16,19.0,19.129999,18.639999,18.74,18.702595,30910300.0
2014-06-17,18.65,18.68,18.200001,18.32,18.283434,18040600.0
2014-06-18,18.41,19.030001,18.25,19.0,18.962076,43019700.0
2014-06-20,18.65,18.99,18.58,18.700001,18.662676,22486300.0
2014-06-23,18.75,18.75,18.299999,18.299999,18.263474,14243200.0
2014-06-24,18.290001,18.889999,17.49,17.639999,17.60479,53971000.0
2014-06-25,17.200001,17.77,17.129999,17.290001,17.255491,48346300.0
2014-06-26,17.469999,17.57,17.01,17.32,17.285429,23470100.0
2014-06-27,17.25,17.389999,17.1,17.200001,17.16567,16716300.0
2014-06-30,17.360001,17.549999,17.040001,17.290001,17.255491,20962900.0
2014-07-01,17.35,17.450001,16.92,17.190001,17.155689,22945200.0
2014-07-02,17.190001,17.33,16.969999,17.120001,17.085829,28670600.0
2014-07-03,16.9,17.530001,16.85,17.52,17.485031,26634700.0
2014-07-04,17.43,17.549999,17.35,17.5,17.465071,9431900.0
2014-07-07,17.41,17.440001,17.139999,17.32,17.285429,18701200.0
2014-07-08,17.360001,17.42,17.17,17.33,17.29541,11504900.0
2014-07-10,17.780001,18.17,17.620001,18.110001,18.073853,35913600.0
2014-07-11,18.07,18.32,17.799999,18.24,18.203592,20928900.0
2014-07-14,18.48,19.18,18.42,19.1,19.061876,70399100.0
2014-07-15,19.1,19.370001,18.83,19.26,19.221558,43433200.0
2014-07-16,19.35,19.389999,19.08,19.309999,19.271458,27591400.0
2014-07-17,19.200001,19.92,19.120001,19.559999,19.520958,57411200.0
2014-07-18,20.809999,20.870001,20.15,20.52,20.479042,90435000.0
2014-07-21,20.43,21.02,20.26,20.940001,20.898205,44723800.0
2014-07-22,20.9,21.23,20.559999,21.049999,21.007984,62443400.0
2014-07-23,20.559999,20.74,20.17,20.25,20.209581,42981200.0
2014-07-24,20.360001,20.440001,19.950001,20.309999,20.269461,37644700.0
2014-07-25,20.41,20.57,20.280001,20.49,20.449102,25149900.0
2014-07-28,20.57,20.6,20.09,20.15,20.109781,24552600.0
2014-07-29,20.1,20.120001,19.559999,19.620001,19.580839,38234000.0
2014-07-30,19.700001,20.049999,19.629999,19.85,19.810381,28062900.0
2014-07-31,19.6,19.65,19.01,19.1,19.061876,36467700.0
2014-08-01,19.01,19.209999,18.719999,19.0,18.962076,30658500.0
2014-08-04,19.15,19.559999,18.870001,19.549999,19.510979,22501200.0
2014-08-05,19.459999,20.09,19.299999,19.700001,19.660681,53674100.0
2014-08-06,19.84,20.540001,19.67,20.309999,20.269461,72879400.0
2014-08-07,20.6,20.690001,19.879999,20.15,20.109781,54256300.0
2014-08-08,19.799999,19.860001,19.25,19.309999,19.271458,41930500.0
2014-08-11,19.370001,20.200001,19.219999,20.139999,20.0998,35596700.0
2014-08-12,20.09,20.290001,19.57,19.67,19.630739,30507300.0
2014-08-13,19.75,19.93,18.5,18.690001,18.652695,100212700.0
2014-08-14,18.68,19.049999,18.33,18.6,18.562876,45332400.0
2014-08-15,18.9,20.1,18.9,20.059999,20.01996,63042700.0
2014-08-18,20.549999,20.73,19.82,20.4,20.359282,66860700.0
2014-08-19,20.209999,20.99,20.17,20.91,20.868263,43132900.0
2014-08-20,20.799999,21.49,20.709999,21.360001,21.317366,54453400.0
2014-08-21,21.25,21.67,21.07,21.299999,21.257484,40823700.0
2014-08-22,21.139999,21.32,20.73,20.92,20.878244,34438300.0
2014-08-25,21.219999,22.07,21.120001,22.040001,21.99601,45475600.0
2014-08-26,22.030001,22.52,21.780001,21.84,21.796408,52291300.0
2014-08-27,22.15,23.209999,21.9,22.84,22.794413,73536500.0
2014-08-28,22.690001,23.33,22.549999,22.84,22.794413,57631800.0
2014-08-29,23.15,23.59,22.6,23.360001,23.313374,56848900.0
2014-09-01,23.950001,24.59,23.66,23.83,23.782436,40238800.0
2014-09-02,24.0,24.9,23.4,24.559999,24.510979,67713100.0
2014-09-03,24.84,24.879999,23.6,23.950001,23.902197,60151400.0
2014-09-04,23.09,24.0,22.700001,22.790001,22.744513,66914600.0
2014-09-05,22.75,23.299999,22.43,22.82,22.774452,54256100.0
2014-09-08,23.42,23.68,21.5,21.700001,21.656689,79759300.0
2014-09-09,21.51,22.190001,21.120001,21.48,21.437126,71764400.0
2014-09-10,21.16,21.48,20.6,20.950001,20.908184,61903500.0
2014-09-11,21.18,21.73,21.0,21.209999,21.167664,51526700.0
2014-09-12,20.870001,21.0,19.85,20.139999,20.0998,82475400.0
2014-09-15,20.25,20.66,20.059999,20.58,20.538923,53328400.0
2014-09-16,20.76,22.379999,20.700001,21.549999,21.506987,99328900.0
2014-09-17,22.33,22.530001,21.860001,22.120001,22.07585,54823000.0
2014-09-18,21.85,22.120001,21.18,21.290001,21.247507,57148100.0
2014-09-19,21.0,21.379999,20.690001,20.91,20.868263,37077100.0
2014-09-22,20.450001,20.6,19.68,20.59,20.548903,66535200.0
2014-09-23,20.1,21.0,19.9,20.129999,20.089821,54737800.0
2014-09-24,19.950001,20.610001,19.84,20.23,20.189621,38247100.0
2014-09-25,20.290001,20.4,19.83,19.84,19.8004,26626600.0
2014-09-26,19.9,21.24,19.799999,20.940001,20.898205,43234500.0
2014-09-29,19.02,19.25,18.540001,18.6,18.562876,94418600.0
2014-09-30,18.49,18.65,17.75,18.09,18.053892,81971800.0
2014-10-01,17.700001,17.860001,17.01,17.09,17.055889,79170700.0
2014-10-02,17.4,17.719999,16.860001,17.299999,17.265469,65399500.0
2014-10-03,17.6,18.52,17.24,18.35,18.313374,61990800.0
2014-10-06,21.5,21.5,20.09,20.389999,20.349302,114738800.0
2014-10-07,20.85,21.790001,20.639999,21.209999,21.167664,87446800.0
2014-10-08,21.799999,21.85,20.01,20.85,20.808384,104638500.0
2014-10-09,21.290001,21.9,21.139999,21.200001,21.157686,82449700.0
2014-10-10,20.049999,20.049999,20.049999,20.049999,20.009979,64882800.0
2014-10-13,21.360001,22.42,21.110001,22.129999,22.085829,85183400.0
2014-10-14,21.6,21.6,21.6,21.6,21.556887,80844400.0
2014-10-15,20.6,20.879999,19.620001,20.15,20.109781,120546300.0
2014-10-16,19.01,19.5,18.559999,18.65,18.612774,97275600.0
2014-10-17,19.370001,19.530001,18.65,19.09,19.051897,69545700.0
2014-10-20,18.92,18.99,17.870001,17.92,17.884232,70794896.0
2014-10-21,16.9,16.9,16.9,16.9,16.866268,105185600.0
2014-10-22,16.809999,17.25,16.379999,16.610001,16.576847,62049400.0
2014-10-23,16.370001,16.450001,15.41,15.51,15.479043,110386000.0
2014-10-24,15.8,16.889999,15.52,16.620001,16.586828,100322000.0
2014-10-27,14.0,14.59,13.76,14.52,14.491019,215365600.0
2014-10-28,14.9,15.08,14.63,15.03,15.0,95132900.0
2014-10-29,14.77,14.79,14.0,14.02,13.992017,89851000.0
2014-10-30,14.6,14.69,14.01,14.32,14.291417,75048900.0
2014-10-31,14.58,15.28,14.37,15.28,15.249501,47932400.0
2014-11-03,14.96,15.1,14.55,14.85,14.82036,44102700.0
2014-11-04,15.0,15.03,14.37,14.82,14.79042,45408900.0
2014-11-05,14.5,14.62,14.33,14.4,14.371258,37011900.0
2014-11-06,14.28,14.28,13.78,14.06,14.031937,55337600.0
2014-11-07,14.25,14.63,13.52,14.27,14.241518,77503900.0
2014-11-10,14.3,14.37,13.92,13.98,13.952096,35611800.0
2014-11-11,13.81,14.08,13.67,14.0,13.972056,24268300.0
2014-11-12,13.97,14.49,13.83,14.11,14.081837,30597500.0
2014-11-13,14.32,14.37,13.59,13.6,13.572855,36046700.0
2014-11-14,12.9,13.33,12.85,13.2,13.173653,52848800.0
2014-11-17,13.07,13.25,12.52,12.6,12.574851,47504600.0
2014-11-18,12.76,12.85,12.0,12.45,12.42515,60893000.0
2014-11-19,12.4,12.97,12.31,12.78,12.754491,48829400.0
2014-11-21,13.01,14.43,13.01,14.3,14.271458,66584900.0
2014-11-24,14.62,15.26,14.08,14.21,14.181637,70349100.0
2014-11-25,14.44,14.93,13.85,14.15,14.121757,82863900.0
2014-11-26,14.17,14.17,14.17,14.17,14.141717,35604600.0
2014-11-27,14.2,14.62,13.33,13.44,13.413174,54672700.0
2014-11-28,13.45,13.56,12.8,12.84,12.814372,46109000.0
2014-12-01,12.45,12.54,12.21,12.32,12.295409,698950612.0
2014-12-02,12.5,12.56,12.09,12.17,12.145709,482364084.0
2014-12-03,12.26,12.8,12.21,12.71,12.684631,39791800.0
2014-12-04,12.79,12.79,12.17,12.27,12.24551,36498300.0
2014-12-05,12.32,12.37,12.05,12.18,12.155689,60072900.0
2014-12-08,12.15,12.15,11.41,11.51,11.487026,44385600.0
2014-12-09,11.1,11.43,10.81,11.42,11.397206,69233104.0
2014-12-10,11.35,11.36,10.82,10.88,10.858284,51653800.0
2014-12-11,10.9,11.04,10.32,10.63,10.608783,64604800.0
2014-12-12,10.65,10.69,10.11,10.19,10.169661,46321800.0
2014-12-15,10.21,10.29,9.01,9.06,9.041917,100442600.0
2014-12-16,8.6,9.92,8.56,9.37,9.351297,92073400.0
2014-12-17,9.5,9.86,9.37,9.47,9.451098,90951200.0
2014-12-18,9.89,10.35,9.38,9.57,9.550899,88693200.0
2014-12-19,9.95,9.98,9.57,9.83,9.810379,64103300.0
2014-12-22,9.9,10.37,9.71,10.37,10.349301,53678500.0
2014-12-23,10.37,10.99,10.19,10.91,10.888224,45011000.0
2014-12-26,10.87,10.88,10.21,10.32,10.299401,27059500.0
2014-12-29,10.15,10.54,10.06,10.28,10.259481,24392000.0
2014-12-30,10.16,10.35,10.01,10.03,10.00998,27623700.0
2015-01-02,9.99,9.99,9.35,9.36,9.341317,49559500.0
2015-01-05,9.14,9.19,8.53,8.56,8.542914,78385100.0
2015-01-06,8.71,8.83,8.04,8.28,8.263473,84723300.0
2015-01-07,8.56,8.73,8.36,8.67,8.652695,85531000.0
2015-01-08,8.79,9.39,8.74,9.23,9.211576,83306300.0
2015-01-09,9.2,9.51,8.93,9.51,9.491018,50813100.0
2015-01-12,9.27,9.58,8.79,8.84,8.822355,58728900.0
2015-01-13,8.9,9.39,8.85,9.09,9.071856,65834800.0
2015-01-14,8.88,8.96,8.64,8.91,8.892216,55736500.0
2015-01-15,9.0,9.39,8.87,9.31,9.291418,80907800.0
2015-01-16,9.46,9.63,9.24,9.44,9.421158,56978300.0
2015-01-19,9.35,9.54,9.15,9.17,9.151697,30873100.0
2015-01-20,9.6,9.85,9.15,9.31,9.291418,72842900.0
2015-01-21,9.45,9.92,9.32,9.9,9.880239,48003500.0
2015-01-22,10.1,10.46,9.97,10.23,10.20958,74782400.0
2015-01-23,10.11,10.41,9.88,9.98,9.960079,43659400.0
2015-01-26,9.79,9.97,9.66,9.83,9.810379,33202100.0
2015-01-27,9.72,10.37,9.53,10.14,10.119761,58750400.0
2015-01-28,9.43,9.54,8.95,9.11,9.091816,106337900.0
2015-01-29,9.05,9.08,8.34,8.67,8.652695,111506300.0
2015-01-30,8.2,8.34,8.08,8.3,8.283434,87497200.0
2015-02-02,8.46,8.79,8.13,8.79,8.772455,57585100.0
2015-02-03,9.01,10.0,9.01,9.97,9.9501,98061700.0
2015-02-04,10.3,10.78,9.56,10.02,10.000001,117595000.0
2015-02-05,9.86,10.29,9.7,9.83,9.810379,78992700.0
2015-02-06,9.8,9.81,8.87,9.12,9.101796,117747100.0
2015-02-09,8.8,9.47,8.72,9.4,9.381237,72534200.0
2015-02-10,9.22,9.8,8.89,8.91,8.892216,75478700.0
2015-02-11,8.94,9.19,8.81,9.08,9.061876,48681100.0
2015-02-12,9.35,9.54,9.27,9.45,9.431138,61706000.0
2015-02-13,9.68,10.1,9.66,10.03,10.00998,72282500.0
2015-02-18,10.16,10.34,10.01,10.04,10.01996,42896700.0
2015-02-19,9.96,9.97,9.65,9.71,9.690619,38492400.0
2015-02-20,9.82,9.9,9.53,9.64,9.620759,35272700.0
2015-02-23,9.55,9.59,9.39,9.5,9.481038,41168500.0
2015-02-24,9.65,9.9,9.59,9.9,9.880239,48578000.0
2015-02-25,9.1,9.4,9.0,9.4,9.381237,96303900.0
2015-02-26,9.4,9.52,9.16,9.23,9.211576,44179900.0
2015-02-27,9.3,9.64,9.1,9.55,9.530938,46969600.0
2015-03-02,9.44,9.71,9.27,9.42,9.401198,38009000.0
2015-03-03,9.69,9.8,9.52,9.57,9.550899,42133600.0
2015-03-04,9.41,9.45,9.21,9.27,9.251497,48308500.0
2015-03-05,9.31,9.38,9.16,9.24,9.221557,52913800.0
2015-03-06,9.2,9.35,9.17,9.25,9.231537,27181900.0
2015-03-09,9.13,9.18,8.9,8.92,8.902196,37625700.0
2015-03-10,8.83,8.98,8.51,8.52,8.502995,72090500.0
2015-03-11,8.67,8.83,8.58,8.74,8.722555,44035300.0
2015-03-12,8.97,9.08,8.44,8.47,8.453094,63029900.0
2015-03-13,8.25,8.39,8.16,8.34,8.323354,72933500.0
2015-03-16,8.49,8.5,8.19,8.39,8.373254,53380500.0
2015-03-17,8.35,8.93,8.32,8.86,8.842316,63896300.0
2015-03-18,8.85,9.29,8.67,9.2,9.181637,65324600.0
2015-03-19,9.18,9.23,8.85,8.92,8.902196,42857200.0
2015-03-20,9.08,9.35,8.96,9.22,9.201597,65339300.0
2015-03-23,9.3,9.44,9.2,9.33,9.311378,34124600.0
2015-03-24,9.37,9.45,9.22,9.42,9.401198,36392400.0
2015-03-25,9.65,9.89,9.53,9.8,9.780439,84659600.0
2015-03-26,9.92,9.96,9.31,9.33,9.311378,58862000.0
2015-03-27,9.3,9.61,9.17,9.36,9.341317,51152500.0
2015-03-30,9.5,9.75,9.42,9.71,9.690619,33372200.0
2015-03-31,9.58,9.92,9.47,9.66,9.640718,46908300.0
2015-04-01,9.93,10.37,9.87,10.26,10.239521,59374600.0
2015-04-02,10.17,10.72,10.17,10.69,10.668662,69001800.0
2015-04-06,10.8,10.99,10.68,10.71,10.688623,45227600.0
2015-04-07,10.6,10.96,10.46,10.92,10.898204,61721500.0
2015-04-08,11.1,11.33,10.49,10.57,10.548903,73904600.0
2015-04-09,10.7,11.6,10.58,11.58,11.556887,79280800.0
2015-04-10,11.52,11.93,11.27,11.81,11.786427,70021600.0
2015-04-13,11.97,12.75,11.9,12.27,12.24551,104809600.0
2015-04-14,12.67,12.74,11.97,12.46,12.43513,87127100.0
2015-04-15,12.7,13.38,12.47,13.34,13.313374,103042800.0
2015-04-16,13.25,13.33,12.52,12.98,12.954092,109852700.0
2015-04-17,12.61,13.24,12.52,12.95,12.924151,71274400.0
2015-04-20,13.23,13.38,13.02,13.07,13.043912,52514600.0
2015-04-22,13.19,13.29,12.66,13.0,12.974052,65914800.0
2015-04-23,12.3,13.26,11.89,12.87,12.844312,182613700.0
2015-04-24,13.19,13.78,13.16,13.22,13.193613,106143700.0
2015-04-27,12.95,13.12,12.51,12.52,12.49501,53111300.0
2015-04-28,12.76,12.87,12.25,12.77,12.744512,60884300.0
2015-04-29,12.58,12.93,12.53,12.82,12.794412,35821900.0
2015-04-30,12.83,13.15,12.8,13.06,13.033933,48515300.0
2015-05-04,13.31,13.85,13.3,13.79,13.762475,55651100.0
2015-05-05,13.7,14.61,13.67,14.43,14.401198,76329800.0
2015-05-06,14.75,14.95,13.57,13.79,13.762475,72197500.0
2015-05-07,13.8,14.05,13.33,13.66,13.632734,44978900.0
2015-05-08,14.04,14.09,13.36,13.51,13.483034,43687900.0
2015-05-11,13.68,13.83,13.43,13.77,13.742516,28040500.0
2015-05-12,13.7,14.06,13.63,13.73,13.702595,30765100.0
2015-05-13,13.87,14.13,13.75,13.98,13.952096,45346800.0
2015-05-14,14.1,14.23,13.76,13.9,13.872255,49457700.0
2015-05-15,13.92,14.12,13.61,14.04,14.011976,54224100.0
2015-05-18,14.64,14.65,13.52,13.7,13.672655,82200400.0
2015-05-19,13.55,13.59,12.79,12.89,12.864272,70521100.0
2015-05-20,12.76,13.12,12.63,12.84,12.814372,43164900.0
2015-05-21,12.86,13.52,12.86,13.48,13.453094,53682900.0
2015-05-22,13.52,13.65,12.92,13.07,13.043912,53753700.0
2015-05-25,12.98,13.01,12.72,12.83,12.804392,24377600.0
2015-05-26,12.8,12.86,12.36,12.39,12.365271,44844200.0
2015-05-27,12.5,12.66,12.29,12.54,12.514971,47223300.0
2015-05-28,12.47,12.82,12.4,12.65,12.62475,96419400.0
2015-05-29,12.71,12.78,12.3,12.33,12.305389,75971600.0
2015-06-01,12.43,12.65,12.25,12.36,12.335329,40498000.0
2015-06-02,12.55,12.95,12.47,12.88,12.854292,47041600.0
2015-06-03,12.96,13.1,12.72,12.79,12.764471,90062100.0
2015-06-05,12.58,12.78,12.42,12.57,12.54491,36719100.0
2015-06-08,12.61,12.77,12.47,12.57,12.54491,23667600.0
2015-06-09,12.61,13.17,12.57,13.0,12.974052,88228800.0
2015-06-10,13.3,13.44,12.92,13.08,13.053892,45583600.0
2015-06-11,13.13,13.14,12.85,13.1,13.073853,35341600.0
2015-06-12,12.86,13.04,12.83,13.02,12.994013,30067700.0
2015-06-15,12.97,13.09,12.9,13.01,12.984033,31713200.0
2015-06-16,13.04,13.48,12.91,13.38,13.353293,49988000.0
2015-06-17,13.5,13.59,13.12,13.14,13.113773,40920200.0
2015-06-18,13.28,13.45,13.15,13.45,13.423154,26832100.0
2015-06-19,13.31,13.44,13.1,13.15,13.123753,36247800.0
2015-06-22,13.3,13.37,13.13,13.17,13.143713,22567300.0
2015-06-23,13.27,13.43,12.95,12.97,12.944113,48007400.0
2015-06-24,13.06,13.35,13.05,13.22,13.193613,39613200.0
2015-06-25,13.23,13.24,12.52,12.6,12.574851,48369000.0
2015-06-26,12.66,13.21,12.64,13.21,13.183633,34536800.0
2015-06-29,13.0,13.59,12.62,12.85,12.824352,63175500.0
2015-06-30,12.9,12.99,12.65,12.69,12.664671,32876500.0
2015-07-01,12.8,12.85,12.01,12.16,12.135729,62627200.0
2015-07-02,12.35,12.53,12.16,12.35,12.32535,37421500.0
2015-07-03,12.25,12.31,11.68,11.76,11.736527,31574500.0
2015-07-06,11.51,11.73,11.28,11.51,11.487026,51206800.0
2015-07-07,11.36,11.85,10.82,11.77,11.746508,72452800.0
2015-07-08,11.62,11.99,11.33,11.46,11.437126,44001500.0
2015-07-10,11.9,11.98,11.75,11.81,11.786427,30885900.0
2015-07-13,11.87,11.93,11.58,11.79,11.766467,29585400.0
2015-07-14,11.69,12.08,11.58,11.99,11.966068,37058500.0
2015-07-15,11.96,12.06,11.72,11.78,11.756487,33375100.0
2015-07-16,11.89,11.99,11.82,11.99,11.966068,26442500.0
2015-07-17,11.82,11.9,11.39,11.41,11.387226,39929900.0
2015-07-20,11.46,11.54,10.75,10.79,10.768463,48763200.0
2015-07-21,10.91,11.24,10.6,10.73,10.708583,40357600.0
2015-07-22,10.61,10.72,10.33,10.36,10.339321,30155200.0
2015-07-23,10.22,10.56,10.12,10.12,10.0998,50696500.0
2015-07-24,10.17,10.23,9.76,10.03,10.00998,45143700.0
2015-07-27,9.96,9.99,9.5,9.5,9.481038,54768800.0
2015-07-28,9.69,10.22,9.61,10.02,10.000001,72306100.0
2015-07-29,10.01,10.77,9.91,10.7,10.678643,88194700.0
2015-07-30,10.83,10.93,10.24,10.42,10.399202,47498400.0
2015-07-31,10.48,10.7,10.32,10.49,10.469062,37462200.0
2015-08-03,10.36,10.41,9.95,10.03,10.00998,41499600.0
2015-08-04,10.14,10.45,10.1,10.16,10.139721,30786900.0
2015-08-05,10.41,10.55,10.01,10.01,9.990021,43759700.0
2015-08-06,9.86,10.39,9.74,10.34,10.319362,60293400.0
2015-08-07,10.25,10.55,9.68,9.69,9.670658,65832700.0
2015-08-10,9.81,10.03,9.57,9.99,9.97006,51017800.0
2015-08-11,9.79,9.98,9.47,9.98,9.960079,45648700.0
2015-08-12,9.8,10.01,9.67,9.82,9.800399,40039100.0
2015-08-13,9.91,9.97,9.5,9.5,9.481038,31405700.0
2015-08-14,9.61,9.68,9.3,9.3,9.281438,28018600.0
2015-08-17,9.2,9.36,9.12,9.15,9.131737,33125100.0
2015-08-18,9.06,9.2,8.82,8.99,8.972055,38013600.0
2015-08-19,8.95,9.05,8.63,8.74,8.722555,37036000.0
2015-08-20,8.64,8.96,8.56,8.69,8.672654,38857700.0
2015-08-21,8.6,8.64,8.29,8.3,8.283434,39848800.0
2015-08-24,7.76,8.17,7.53,7.89,7.874251,70881000.0
2015-08-25,8.1,8.23,7.85,7.85,7.834332,58283200.0
2015-08-26,8.07,8.13,7.85,8.13,8.113772,43893300.0
2015-08-27,8.25,8.93,8.23,8.92,8.902196,66820200.0
2015-08-28,8.67,9.39,8.61,9.02,9.001997,77260900.0
2015-08-31,8.71,9.29,8.52,9.19,9.171657,76576400.0
2015-09-01,8.75,9.09,8.54,8.59,8.572855,52756400.0
2015-09-02,8.75,8.84,8.33,8.82,8.802395,56050600.0
2015-09-03,8.93,9.21,8.54,8.76,8.742516,56645400.0
2015-09-04,8.6,8.76,8.51,8.51,8.493014,35463400.0
2015-09-08,8.7,8.79,8.58,8.64,8.622755,29383000.0
2015-09-09,8.81,8.9,8.36,8.39,8.373254,38706300.0
2015-09-10,7.9,8.15,7.81,7.97,7.954092,62858700.0
2015-09-11,7.94,7.99,7.59,7.66,7.644711,53647300.0
2015-09-14,7.7,7.82,7.46,7.72,7.704591,52851400.0
2015-09-15,7.65,7.87,7.54,7.65,7.634731,35102900.0
2015-09-16,7.77,8.24,7.74,8.14,8.123753,66613400.0
2015-09-17,8.05,8.11,7.86,7.86,7.844312,72887600.0
2015-09-18,7.75,7.76,7.5,7.6,7.58483,68097000.0
2015-09-21,7.66,7.68,7.3,7.3,7.285429,41063600.0
2015-09-22,7.24,7.24,6.81,6.97,6.956088,66720700.0
2015-09-23,6.96,7.16,6.7,6.82,6.806387,64774800.0
2015-09-24,6.61,7.14,6.6,6.96,6.946108,56577300.0
2015-09-25,7.12,7.22,6.77,6.82,6.806387,44843100.0
2015-09-28,6.74,6.75,6.44,6.44,6.427146,37466900.0
2015-09-29,6.54,6.79,6.5,6.59,6.576847,52387600.0
2015-09-30,7.25,7.26,6.97,7.24,7.225549,107779500.0
2015-10-01,7.31,7.46,6.99,7.02,7.005988,69296500.0
2015-10-02,6.99,7.83,6.9,7.77,7.754491,88891400.0
2015-10-05,7.9,8.14,7.75,7.82,7.804391,68350300.0
2015-10-06,7.86,8.34,7.84,8.19,8.173653,81259300.0
2015-10-07,8.51,8.9,8.27,8.47,8.453094,116610600.0
2015-10-08,8.46,8.84,8.28,8.75,8.732535,68670000.0
2015-10-09,9.02,9.07,8.58,8.8,8.782435,71885200.0
2015-10-13,8.36,8.47,8.07,8.13,8.113772,56100600.0
2015-10-14,8.07,8.23,7.89,7.96,7.944112,75339100.0
2015-10-15,8.0,8.07,7.67,8.0,7.984032,61444100.0
2015-10-16,7.99,8.08,7.81,7.95,7.934132,42963800.0
2015-10-19,7.9,7.96,7.76,7.95,7.934132,40096200.0
2015-10-20,8.0,8.19,7.97,8.05,8.033933,47938700.0
2015-10-21,7.95,8.06,7.71,7.75,7.734531,45394400.0
2015-10-22,7.82,8.11,7.81,8.02,8.003993,46174500.0
2015-10-23,8.26,8.28,7.94,7.99,7.974052,45715300.0
2015-10-26,8.05,8.13,7.8,7.85,7.834332,35069500.0
2015-10-27,7.86,7.86,7.55,7.6,7.58483,44085700.0
2015-10-28,7.87,7.95,7.86,7.95,7.934132,4630900.0
2015-10-29,7.57,7.93,7.57,7.61,7.59481,41336300.0
2015-10-30,7.6,7.78,7.54,7.71,7.694611,36951300.0
2015-11-03,7.84,8.48,7.77,8.48,8.463074,60306200.0
2015-11-04,8.58,8.65,8.02,8.08,8.063872,55661500.0
2015-11-05,8.08,8.17,7.87,8.11,8.093812,92690300.0
2015-11-06,8.04,8.08,7.73,7.82,7.804391,39680600.0
2015-11-09,7.83,7.93,7.59,7.91,7.894212,36340400.0
2015-11-10,7.6,7.69,7.51,7.61,7.59481,34554300.0
2015-11-11,7.71,7.83,7.64,7.72,7.704591,44596400.0
2015-11-12,7.72,7.74,7.53,7.58,7.56487,41641400.0
2015-11-13,7.5,7.56,7.23,7.27,7.255489,67000600.0
2015-11-16,7.31,7.7,7.31,7.7,7.684631,56587800.0
2015-11-17,7.8,7.86,7.64,7.76,7.744512,52072800.0
2015-11-18,7.81,8.03,7.79,7.82,7.804391,38137700.0
2015-11-19,7.96,7.98,7.62,7.84,7.824352,51878600.0
2015-11-23,7.9,8.1,7.85,8.08,8.063872,47415800.0
2015-11-24,8.05,8.5,7.95,8.5,8.483034,63001700.0
2015-11-25,8.28,8.35,7.9,7.9,7.884232,54732800.0
2015-11-26,7.95,8.04,7.82,7.92,7.904192,21697100.0
2015-11-27,7.81,7.86,7.57,7.6,7.58483,38334200.0
2015-11-30,7.54,7.84,7.42,7.67,7.654691,72764300.0
2015-12-01,7.67,7.76,7.45,7.49,7.47505,35865600.0
2015-12-02,7.54,7.59,7.35,7.52,7.50499,47713500.0
2015-12-03,7.99,8.17,7.79,7.98,7.964072,76680900.0
2015-12-04,7.97,7.97,7.42,7.52,7.50499,63662600.0
2015-12-07,7.6,7.61,7.15,7.19,7.175649,47395000.0
2015-12-08,7.2,7.2,6.95,7.13,7.115769,46590500.0
2015-12-09,7.34,7.82,7.27,7.65,7.634731,82102800.0
2015-12-10,7.51,7.57,7.31,7.45,7.43513,43458400.0
2015-12-11,7.26,7.53,7.21,7.25,7.235529,50750600.0
2015-12-14,7.15,7.23,7.07,7.21,7.195609,33538000.0
2015-12-15,7.34,7.47,7.3,7.42,7.40519,34188900.0
2015-12-16,7.28,7.36,7.09,7.29,7.275449,39840300.0
2015-12-17,7.35,7.52,7.19,7.2,7.185629,43789300.0
2015-12-18,7.02,7.1,6.92,7.02,7.005988,60061600.0
2015-12-21,7.06,7.09,6.62,6.64,6.626747,54032100.0
2015-12-22,6.76,6.82,6.62,6.79,6.776447,40463400.0
2015-12-23,6.91,7.04,6.87,6.93,6.916168,38789700.0
2015-12-28,6.9,6.9,6.65,6.7,6.686627,28617600.0
2015-12-29,6.81,6.87,6.68,6.69,6.676647,22441300.0
2015-12-30,6.66,6.76,6.52,6.7,6.686627,30041600.0
2016-01-04,6.57,7.03,6.55,6.87,6.856287,45962100.0
2016-01-05,6.92,7.0,6.62,6.68,6.666667,29446700.0
2016-01-06,6.53,6.54,6.4,6.4,6.387226,67507200.0
2016-01-07,6.19,6.43,6.08,6.26,6.247505,57387900.0
2016-01-08,6.38,6.45,6.13,6.27,6.257485,52100300.0
2016-01-11,6.27,6.3,6.05,6.09,6.077845,51334000.0
2016-01-12,6.12,6.12,5.51,5.53,5.518962,81627800.0
2016-01-13,5.7,5.74,5.25,5.27,5.259481,70874300.0
2016-01-14,5.31,5.69,5.13,5.69,5.678643,76854200.0
2016-01-15,5.35,5.44,5.16,5.17,5.159681,75571500.0
2016-01-18,5.19,5.21,4.8,4.8,4.79042,46407200.0
2016-01-19,5.03,5.05,4.64,4.66,4.650699,66529300.0
2016-01-20,4.5,4.5,4.26,4.43,4.421158,92914100.0
2016-01-21,4.37,4.67,4.36,4.5,4.491018,87455300.0
2016-01-22,4.73,4.77,4.4,4.41,4.401197,100576600.0
2016-01-26,4.23,4.31,4.12,4.2,4.191617,71933300.0
2016-01-27,4.22,4.64,4.16,4.57,4.560879,79437900.0
2016-01-28,4.67,5.13,4.35,4.6,4.590818,131960900.0
2016-01-29,4.7,4.86,4.52,4.84,4.830339,93013900.0
2016-02-01,4.74,4.86,4.66,4.72,4.710579,51910300.0
2016-02-02,4.56,4.65,4.3,4.3,4.291418,53610300.0
2016-02-03,4.42,4.52,4.22,4.49,4.481038,73786400.0
2016-02-04,4.56,4.94,4.36,4.73,4.720559,91974200.0
2016-02-05,4.73,4.78,4.53,4.54,4.530938,52704500.0
2016-02-10,4.3,4.41,4.28,4.31,4.301397,45747400.0
2016-02-11,4.2,4.27,4.12,4.23,4.221557,59451500.0
2016-02-12,4.37,4.51,4.3,4.45,4.441118,64027200.0
2016-02-15,4.56,4.6,4.52,4.57,4.560879,28490400.0
2016-02-16,4.5,4.64,4.42,4.44,4.431138,80343900.0
2016-02-17,4.54,4.82,4.51,4.68,4.670659,84473100.0
2016-02-18,4.69,4.87,4.55,4.59,4.580839,65026900.0
2016-02-19,4.5,4.57,4.4,4.46,4.451098,56031000.0
2016-02-22,4.67,5.04,4.63,5.04,5.02994,80150300.0
2016-02-23,4.95,5.28,4.82,4.92,4.91018,85037400.0
2016-02-24,4.77,4.93,4.65,4.87,4.86028,75039700.0
2016-02-25,4.81,5.08,4.79,4.89,4.880239,70393700.0
2016-02-26,5.02,5.1,4.83,4.87,4.86028,61396800.0
2016-02-29,5.08,5.23,4.98,5.14,5.129741,84165000.0
2016-03-01,5.31,5.37,5.1,5.31,5.299401,80939200.0
2016-03-02,5.21,5.65,5.15,5.65,5.638723,88545800.0
2016-03-03,6.57,6.57,6.57,6.57,6.556887,186772500.0
2016-03-04,6.57,7.9,6.57,7.22,7.205589,175922100.0
2016-03-07,7.25,7.53,6.95,7.37,7.355289,85041400.0
2016-03-08,7.37,7.84,7.08,7.47,7.45509,137169400.0
2016-03-09,7.7,7.78,7.36,7.6,7.58483,84821900.0
2016-03-10,7.8,7.96,7.31,7.95,7.934132,117672300.0
2016-03-11,7.94,8.22,7.67,8.09,8.073853,92331300.0
2016-03-14,8.13,8.2,7.4,7.4,7.38523,86084700.0
2016-03-15,6.83,6.96,6.56,6.61,6.596807,104913200.0
2016-03-16,6.51,7.23,6.41,7.23,7.215569,85533000.0
2016-03-17,8.15,8.19,7.71,8.1,8.083833,118294200.0
2016-03-18,8.09,8.17,7.72,8.12,8.103792,77182400.0
2016-03-21,8.08,8.27,7.93,8.06,8.043913,65837300.0
2016-03-22,7.85,8.18,7.73,8.11,8.093812,84549700.0
2016-03-23,7.88,7.96,7.66,7.78,7.764472,61437900.0
2016-03-24,7.53,8.0,7.32,7.81,7.794411,52343300.0
2016-03-28,8.15,8.48,7.91,8.44,8.423154,69818700.0
2016-03-29,8.34,8.85,8.19,8.49,8.473054,89050200.0
2016-03-30,8.7,9.0,8.28,8.44,8.423154,90059600.0
2016-03-31,8.31,8.31,8.31,8.31,8.293414,737700.0
2016-04-01,8.36,8.36,8.36,8.36,8.343313,374500.0
2016-04-04,7.54,7.54,7.54,7.54,7.524951,865300.0
2016-04-05,7.8,7.8,7.8,7.8,7.784431,684100.0
2016-04-06,7.58,7.58,7.58,7.58,7.56487,457400.0
2016-04-07,7.7,7.7,7.7,7.7,7.684631,324800.0
2016-04-08,8.13,8.34,8.04,8.26,8.243513,84448200.0
2016-04-11,8.39,8.39,8.39,8.39,8.373254,449600.0
2016-04-12,9.04,9.04,9.04,9.04,9.021956,648900.0
2016-04-13,9.49,9.49,9.49,9.49,9.471058,782300.0
2016-04-14,9.73,9.77,9.12,9.16,9.141717,77355500.0
2016-04-15,9.25,9.83,9.07,9.69,9.670658,95590000.0
2016-04-18,9.65,9.72,8.89,9.24,9.221557,88873100.0
2016-04-19,9.61,9.61,9.61,9.61,9.590818,370500.0
2016-04-20,9.4,9.64,9.34,9.48,9.461078,53295800.0
2016-04-22,9.32,9.93,9.29,9.75,9.730539,63322900.0
2016-04-25,9.71,9.9,9.33,9.33,9.311378,56585400.0
2016-04-26,9.48,9.74,9.34,9.67,9.650699,40460400.0
2016-04-27,9.85,10.3,9.77,10.25,10.229541,86397900.0
2016-04-28,10.23,10.54,10.08,10.23,10.20958,57741500.0
2016-04-29,10.23,10.54,10.01,10.23,10.20958,53931300.0
2016-05-02,10.25,10.36,9.93,10.17,10.149701,48618800.0
2016-05-03,10.01,10.09,9.71,9.78,9.760479,47074700.0
2016-05-04,9.85,10.15,9.85,9.92,9.9002,43389500.0
2016-05-05,10.28,10.3,9.6,9.81,9.79042,65074500.0
2016-05-06,9.63,10.13,9.58,10.08,10.05988,45330900.0
2016-05-09,10.01,10.05,8.84,9.48,9.461078,94688100.0
2016-05-10,9.82,10.21,9.72,10.21,10.189621,53055800.0
2016-05-11,10.39,10.5,9.99,10.25,10.229541,74542300.0
2016-05-12,10.4,10.47,9.79,9.79,9.770459,67229100.0
2016-05-13,9.93,10.06,9.39,9.46,9.441118,70472200.0
2016-05-16,9.55,9.85,9.52,9.75,9.730539,61487700.0
2016-05-17,9.83,9.88,9.46,9.5,9.481038,46379500.0
2016-05-18,9.31,9.65,9.27,9.32,9.301397,51929100.0
2016-05-19,9.25,9.25,8.65,8.96,8.942116,75430200.0
2016-05-20,9.2,9.46,8.9,8.9,8.882236,65173100.0
2016-05-23,8.55,8.67,8.42,8.5,8.483034,51330000.0
2016-05-24,8.69,8.85,8.45,8.53,8.512974,44823400.0
2016-05-25,8.68,8.94,8.59,8.67,8.652695,45512600.0
2016-05-27,8.5,8.57,8.23,8.23,8.213573,47488600.0
2016-05-30,8.18,8.62,8.06,8.38,8.363274,32281900.0
2016-05-31,8.36,8.57,8.04,8.04,8.023952,58662600.0
2016-06-01,8.09,8.25,7.86,8.18,8.163673,45884400.0
2016-06-02,8.19,8.41,8.03,8.32,8.303393,52835100.0
2016-06-03,8.51,8.67,8.45,8.57,8.552895,45595300.0
2016-06-06,8.7,8.78,8.45,8.46,8.443114,37117600.0
2016-06-07,8.42,8.72,8.39,8.62,8.602795,34401600.0
2016-06-08,8.8,9.41,8.8,9.39,9.371258,77194700.0
2016-06-09,9.28,9.38,9.05,9.18,9.161677,46539900.0
2016-06-10,8.97,8.99,8.78,8.78,8.762475,38859900.0
2016-06-13,8.58,8.84,8.52,8.62,8.602795,37094100.0
2016-06-14,8.6,8.77,8.25,8.3,8.283434,66180300.0
2016-06-15,8.3,8.69,8.27,8.51,8.493014,84556900.0
2016-06-16,8.41,8.54,8.28,8.5,8.483034,46834500.0
2016-06-17,8.75,8.95,8.73,8.95,8.932136,63144100.0
2016-06-20,9.22,9.37,9.12,9.18,9.161677,63791500.0
2016-06-21,9.09,9.54,8.94,9.53,9.510978,53703900.0
2016-06-22,9.61,9.75,9.34,9.34,9.321358,61983000.0
2016-06-23,9.59,9.7,9.51,9.67,9.650699,48031300.0
2016-06-24,9.0,9.33,8.92,9.25,9.231537,75974900.0
2016-06-27,9.22,9.34,8.78,8.78,8.762475,58818400.0
2016-06-28,9.1,9.28,9.07,9.2,9.181637,45291700.0
2016-06-29,9.43,9.57,9.32,9.5,9.481038,56093600.0
2016-06-30,9.42,9.49,9.24,9.42,9.401198,43741300.0
2016-07-01,9.48,9.85,9.37,9.82,9.800399,49290800.0
2016-07-04,9.95,10.05,9.79,9.87,9.8503,24505100.0
2016-07-05,9.65,9.67,9.23,9.29,9.271458,69691200.0
2016-07-06,9.09,9.52,8.95,9.5,9.481038,68781500.0
2016-07-07,9.66,9.98,9.52,9.56,9.540919,81610300.0
2016-07-08,9.85,9.94,9.67,9.84,9.820359,42647600.0
2016-07-11,10.0,10.37,9.98,10.36,10.339321,66717300.0
2016-07-12,10.61,10.8,10.58,10.65,10.628742,58174200.0
2016-07-13,10.47,10.63,10.21,10.63,10.608783,64252100.0
2016-07-14,10.92,10.98,10.66,10.93,10.908184,53059500.0
2016-07-15,10.91,11.06,10.82,11.02,10.998005,51223500.0
2016-07-18,10.97,11.74,10.87,11.55,11.526947,77358900.0
2016-07-19,11.51,11.97,11.5,11.78,11.756487,53692000.0
2016-07-20,11.82,11.9,11.54,11.82,11.796407,49261200.0
2016-07-21,11.77,11.99,11.73,11.85,11.826348,37748600.0
2016-07-22,11.84,11.97,11.72,11.94,11.916167,33938400.0
2016-07-25,11.98,12.25,11.91,12.03,12.005988,47192000.0
2016-07-26,11.95,12.07,11.85,11.88,11.856288,38304800.0
2016-07-27,11.99,12.04,11.51,11.51,11.487026,51952100.0
2016-07-28,11.4,11.55,11.15,11.44,11.417166,40663100.0
2016-07-29,11.76,11.98,11.61,11.87,11.846308,60740000.0
2016-08-01,11.93,11.97,11.22,11.25,11.227545,52012300.0
2016-08-02,11.33,11.62,11.1,11.36,11.337325,49134600.0
2016-08-03,11.58,11.9,11.33,11.9,11.876247,55695500.0
2016-08-04,11.93,12.12,11.87,12.01,11.986029,63207500.0
2016-08-05,12.12,12.17,11.65,11.65,11.626746,54225900.0
2016-08-08,11.79,11.97,11.7,11.91,11.886228,41552000.0
2016-08-09,11.92,12.07,11.75,11.88,11.856288,33596200.0
2016-08-10,11.95,11.97,11.56,11.56,11.536927,41638400.0
2016-08-11,11.63,12.1,11.6,12.1,12.075849,55881500.0
2016-08-12,12.05,12.44,11.98,12.0,11.976048,71281300.0
2016-08-15,12.19,12.37,12.07,12.31,12.28543,53568000.0
2016-08-16,12.31,12.56,12.14,12.49,12.46507,48218700.0
2016-08-17,12.47,12.76,12.32,12.76,12.734531,46809100.0
2016-08-18,12.8,13.03,12.78,12.88,12.854292,44941100.0
2016-08-19,12.82,12.92,12.7,12.79,12.764471,33360000.0
2016-08-22,12.63,12.63,12.3,12.35,12.32535,43258900.0
2016-08-23,12.48,12.86,12.42,12.67,12.644711,61048000.0
2016-08-24,12.5,12.71,12.37,12.4,12.37525,44694700.0
2016-08-25,12.42,12.64,12.35,12.53,12.50499,40290500.0
2016-08-26,12.69,12.9,12.45,12.55,12.524951,50650500.0
2016-08-29,12.5,12.96,12.45,12.87,12.844312,36990100.0
2016-08-30,13.04,13.23,12.97,13.09,13.063872,51893700.0
2016-08-31,13.13,13.22,12.71,12.85,12.824352,61016100.0
2016-09-01,12.97,13.09,12.76,13.0,12.974052,45370000.0
2016-09-02,13.22,13.58,13.15,13.57,13.542914,57017000.0
2016-09-05,13.79,13.93,13.73,13.83,13.802396,26292200.0
2016-09-06,13.69,13.98,13.53,13.98,13.952096,42086900.0
2016-09-08,14.07,14.29,13.96,14.22,14.191617,42797300.0
2016-09-09,13.96,14.02,13.51,13.51,13.483034,43155300.0
2016-09-12,13.32,13.95,13.27,13.95,13.922156,44141000.0
2016-09-13,13.7,13.85,12.94,13.01,12.984033,64134000.0
2016-09-14,13.15,13.36,12.97,13.11,13.083833,43932500.0
2016-09-15,13.21,13.56,13.16,13.51,13.483034,42169100.0
2016-09-16,13.34,13.42,13.16,13.16,13.133733,44651900.0
2016-09-19,13.42,13.54,13.02,13.05,13.023952,51105500.0
2016-09-20,13.45,13.63,13.33,13.5,13.473054,52063100.0
2016-09-21,13.6,13.69,13.4,13.66,13.632734,61094100.0
2016-09-22,13.89,14.09,13.84,14.0,13.972056,47574500.0
2016-09-23,13.98,13.98,13.54,13.69,13.662675,53264300.0
2016-09-26,13.59,13.69,13.39,13.4,13.373254,35545800.0
2016-09-27,13.4,13.4,12.87,13.12,13.093813,58098200.0
2016-09-28,13.3,13.85,13.12,13.85,13.822356,69032100.0
2016-09-29,13.8,13.9,13.43,13.43,13.403194,53143200.0
2016-09-30,13.53,13.77,13.44,13.57,13.542914,39275000.0
2016-10-03,13.67,13.97,13.62,13.97,13.942117,34444500.0
2016-10-04,13.98,14.12,13.83,14.02,13.992017,39717400.0
2016-10-05,14.19,14.64,14.16,14.58,14.550899,65242200.0
2016-10-06,14.71,15.1,14.62,15.1,15.069861,77003800.0
2016-10-07,15.23,15.38,14.97,15.26,15.229542,71691000.0
2016-10-10,15.52,15.77,15.51,15.73,15.698603,38724300.0
2016-10-11,15.61,15.66,15.29,15.39,15.359282,69314500.0
2016-10-13,15.19,15.82,15.03,15.76,15.728543,58212500.0
2016-10-14,16.01,16.290001,15.98,16.26,16.227545,66150000.0
2016-10-17,16.24,16.9,16.07,16.9,16.866268,75002000.0
2016-10-18,17.209999,17.639999,17.18,17.42,17.385231,76995000.0
2016-10-19,17.719999,17.790001,17.34,17.620001,17.584831,65212400.0
2016-10-20,17.309999,17.74,17.219999,17.74,17.704592,62901500.0
2016-10-21,17.65,18.09,17.48,17.950001,17.914173,47961800.0
2016-10-24,18.26,18.43,18.0,18.200001,18.163673,51678900.0
2016-10-25,18.219999,18.290001,17.709999,18.0,17.964073,57674100.0
2016-10-26,17.700001,18.25,17.610001,18.1,18.063873,51424400.0
2016-10-27,18.110001,18.49,18.09,18.09,18.053892,43645900.0
2016-10-28,17.99,18.290001,17.950001,18.09,18.053892,37689700.0
2016-10-31,18.030001,18.17,17.610001,17.690001,17.654692,42059100.0
2016-11-01,17.879999,17.879999,16.559999,16.860001,16.826349,68718800.0
2016-11-03,16.629999,17.030001,16.129999,16.129999,16.097803,56998700.0
2016-11-04,16.469999,16.58,15.91,15.99,15.958084,61347700.0
2016-11-07,16.709999,17.209999,16.709999,17.209999,17.175648,51625300.0
2016-11-08,17.1,17.48,16.73,17.040001,17.005989,56241000.0
2016-11-09,15.85,17.1,15.81,16.65,16.616766,111417100.0
2016-11-10,17.1,17.18,15.5,15.5,15.469062,94683900.0
2016-11-11,15.18,15.46,13.94,14.01,13.982037,129811400.0
2016-11-14,13.8,14.18,13.33,14.0,13.972056,86623000.0
2016-11-16,14.55,14.96,14.18,14.74,14.710579,77406600.0
2016-11-17,15.15,15.32,14.29,14.29,14.261477,51535300.0
2016-11-18,14.37,14.69,14.21,14.52,14.491019,55041300.0
2016-11-21,15.05,15.58,14.88,15.58,15.548903,59122000.0
2016-11-22,15.93,16.08,15.25,15.93,15.898205,58636100.0
2016-11-23,15.72,15.99,15.53,15.85,15.818364,42490100.0
2016-11-24,15.9,15.9,15.58,15.58,15.548903,14725000.0
2016-11-25,15.25,15.52,15.05,15.3,15.269462,47630600.0
2016-11-28,15.2,15.56,15.2,15.46,15.429142,38747500.0
2016-11-29,15.3,15.38,14.59,14.66,14.630739,54075900.0
2016-11-30,15.9,16.190001,15.61,16.0,15.968064,82547300.0
2016-12-01,16.0,16.35,15.33,15.44,15.409182,66775400.0
2016-12-02,15.12,15.91,14.75,15.83,15.798404,58381500.0
2016-12-05,16.01,16.09,15.55,15.66,15.628743,47586500.0
2016-12-06,16.0,16.200001,15.74,16.15,16.117765,63916700.0
2016-12-07,16.299999,16.33,15.77,15.86,15.828343,50247400.0
2016-12-08,15.97,16.0,15.52,15.7,15.668663,41104800.0
2016-12-09,15.88,15.9,15.52,15.58,15.548903,37161200.0
2016-12-12,15.79,15.95,15.48,15.6,15.568863,35436700.0
2016-12-13,15.55,15.69,15.38,15.45,15.419162,33455000.0
2016-12-14,15.43,15.47,14.74,14.74,14.710579,44215700.0
2016-12-15,14.78,14.91,14.33,14.85,14.82036,43338800.0
2016-12-16,14.9,15.14,14.76,14.76,14.730539,37876200.0
2016-12-19,14.88,14.89,14.35,14.36,14.331337,39128600.0
2016-12-20,14.46,14.59,14.1,14.35,14.321358,31810000.0
2016-12-21,14.45,14.48,14.04,14.34,14.311378,32856800.0
2016-12-22,14.46,14.46,14.01,14.01,13.982037,42240500.0
2016-12-23,14.05,14.35,14.01,14.24,14.211577,21776900.0
2016-12-26,14.32,14.45,14.27,14.42,14.391218,5734300.0
2016-12-27,14.5,14.55,14.26,14.41,14.381238,14949200.0
2016-12-28,14.43,14.81,14.36,14.78,14.750499,18979900.0
2016-12-29,14.85,14.88,14.52,14.87,14.84032,18090600.0
2017-01-02,14.64,14.7,14.6,14.66,14.630739,7525700.0
2017-01-03,14.95,15.65,14.95,15.5,15.469062,39947800.0
2017-01-04,15.45,15.68,15.31,15.5,15.469062,37071700.0
2017-01-05,15.7,15.91,15.62,15.75,15.718563,47586300.0
2017-01-06,15.78,15.92,15.5,15.66,15.628743,25592000.0
2017-01-09,15.5,15.6,15.33,15.33,15.299401,25599000.0
2017-01-10,15.6,15.68,15.39,15.48,15.449101,26239900.0
2017-01-11,15.64,15.68,15.27,15.66,15.628743,34399300.0
2017-01-12,16.15,16.25,15.9,15.9,15.868263,49890300.0
2017-01-13,15.77,15.95,15.57,15.68,15.648704,34450000.0
2017-01-16,15.7,15.75,15.58,15.75,15.718563,20069600.0
2017-01-17,15.73,15.97,15.72,15.82,15.788424,28663300.0
2017-01-18,15.8,15.93,15.71,15.79,15.758484,24725200.0
2017-01-19,15.82,15.88,15.58,15.77,15.738523,21677600.0
2017-01-20,15.84,16.190001,15.81,16.0,15.968064,34863500.0
2017-01-23,15.94,16.09,15.79,15.99,15.958084,25139100.0
2017-01-24,16.120001,16.43,15.97,16.040001,16.007986,49710600.0
2017-01-26,16.15,16.190001,15.8,15.8,15.768464,37391900.0
2017-01-27,15.73,15.87,15.54,15.62,15.588822,23275300.0
2017-01-30,15.51,15.53,14.84,14.84,14.81038,26779500.0
2017-01-31,14.99,15.37,14.9,15.02,14.990021,30807200.0
2017-02-01,15.26,15.41,14.91,15.02,14.990021,35977000.0
2017-02-02,14.99,15.28,14.86,14.89,14.86028,39306700.0
2017-02-03,14.92,15.34,14.77,15.34,15.309381,40213400.0
2017-02-06,15.38,15.47,14.95,14.96,14.93014,29686500.0
2017-02-07,15.1,15.16,14.7,14.7,14.670659,29163900.0
2017-02-08,14.77,15.1,14.27,15.1,15.069861,58912900.0
2017-02-09,15.18,15.24,14.96,15.05,15.01996,33910300.0
2017-02-10,15.2,15.63,15.14,15.58,15.548903,44467000.0
2017-02-13,15.77,15.91,15.55,15.62,15.588822,36439100.0
2017-02-14,15.74,15.95,15.56,15.82,15.788424,34417400.0
2017-02-15,15.91,16.049999,15.78,15.84,15.808384,47953300.0
2017-02-16,15.84,16.07,15.75,15.86,15.828343,37276900.0
2017-02-17,15.74,15.9,15.6,15.61,15.578842,24866600.0
2017-02-20,15.74,15.98,15.65,15.92,15.888224,33514000.0
2017-02-21,16.1,16.23,16.040001,16.09,16.057884,33685800.0
2017-02-22,16.0,16.02,15.57,15.7,15.668663,45255400.0
2017-02-23,15.94,16.1,15.48,15.56,15.528943,41208700.0
2017-02-24,15.35,15.47,15.1,15.18,15.149701,30412200.0
2017-03-01,15.51,15.55,15.32,15.52,15.489023,25661000.0
2017-03-02,15.44,15.45,14.99,15.11,15.079841,38490800.0
2017-03-03,15.22,15.34,15.04,15.32,15.289421,24516800.0
2017-03-06,15.11,15.47,15.04,15.1,15.069861,23325000.0
2017-03-07,15.18,15.38,15.12,15.18,15.149701,30927300.0
2017-03-08,15.16,15.18,14.55,14.55,14.520959,49300700.0
2017-03-09,14.34,14.59,14.17,14.5,14.471058,46467600.0
2017-03-10,14.72,14.88,14.24,14.31,14.281438,42454600.0
2017-03-13,14.33,14.4,14.16,14.37,14.341317,28295100.0
2017-03-14,14.07,14.1,13.59,13.59,13.562875,67172700.0
2017-03-15,13.86,14.2,13.55,14.2,14.171657,55593200.0
2017-03-16,14.26,14.32,13.68,13.71,13.682635,35362300.0
2017-03-17,13.81,13.88,13.05,13.16,13.133733,81797400.0
2017-03-20,12.98,13.67,12.91,13.6,13.572855,52351600.0
2017-03-21,13.61,13.63,12.82,13.0,12.974052,46384300.0
2017-03-22,13.2,13.72,13.03,13.66,13.632734,62807700.0
2017-03-23,13.48,13.82,13.42,13.57,13.542914,36467200.0
2017-03-24,13.7,13.77,13.34,13.48,13.453094,30084700.0
2017-03-27,13.24,13.79,13.02,13.77,13.742516,32021200.0
2017-03-28,13.9,14.11,13.77,13.95,13.922156,44850600.0
2017-03-29,14.04,14.49,13.93,14.45,14.421158,43051400.0
2017-03-30,14.55,14.64,14.35,14.45,14.421158,32928600.0
2017-03-31,14.36,14.65,14.26,14.49,14.461078,33553000.0
2017-04-03,14.54,14.75,14.53,14.67,14.640719,39427200.0
2017-04-04,14.67,14.89,14.57,14.85,14.82036,24132000.0
2017-04-05,15.05,15.16,14.5,14.57,14.540918,49920900.0
2017-04-06,14.62,14.87,14.42,14.53,14.500998,34602700.0
2017-04-07,14.61,14.9,14.6,14.7,14.670659,33024900.0
2017-04-10,14.9,14.94,14.7,14.94,14.91018,37906000.0
2017-04-11,14.97,14.99,14.55,14.68,14.6507,38593200.0
2017-04-12,14.6,14.83,14.58,14.65,14.620758,42628900.0
2017-04-13,14.65,14.69,14.08,14.08,14.051896,44572600.0
2017-04-17,14.14,14.35,13.97,14.28,14.251497,46459500.0
2017-04-18,14.15,14.37,13.95,14.1,14.071857,45349800.0
2017-04-19,14.24,14.28,13.55,13.6,13.572855,41014100.0
2017-04-20,13.8,13.9,13.63,13.88,13.852296,28227600.0
2017-04-24,14.13,14.16,13.92,14.03,14.001996,27546200.0
2017-04-25,13.9,14.34,13.8,14.34,14.311378,32268100.0
2017-04-26,14.16,14.49,14.0,14.0,13.972056,37045000.0
2017-04-27,13.99,14.03,13.56,13.73,13.702595,29078500.0
2017-04-28,13.85,14.1,13.69,13.97,13.942117,31061200.0
2017-05-02,14.06,14.34,13.85,13.99,13.962076,37830100.0
2017-05-03,14.04,14.25,13.95,14.16,14.131737,38357600.0
2017-05-04,14.0,14.0,13.58,13.6,13.572855,37695400.0
2017-05-05,13.69,14.21,13.66,14.21,14.181637,32788100.0
2017-05-08,14.13,14.35,13.98,14.08,14.051896,36464300.0
2017-05-09,14.15,14.24,14.04,14.14,14.111777,28008600.0
2017-05-10,14.34,14.75,14.31,14.73,14.700599,46271700.0
2017-05-11,14.88,14.92,14.64,14.82,14.79042,29318000.0
2017-05-12,15.5,15.58,15.35,15.45,15.419162,83518200.0
2017-05-15,15.77,15.87,15.65,15.68,15.648704,46914700.0
2017-05-16,15.77,15.78,15.52,15.7,15.668663,34469300.0
2017-05-17,15.56,15.72,15.51,15.61,15.578842,30023400.0
2017-05-18,12.45,14.0,12.45,13.15,13.123753,142924900.0
2017-05-19,13.75,13.9,13.46,13.62,13.592814,70983900.0
2017-05-22,13.35,13.51,13.0,13.4,13.373254,55014900.0
2017-05-23,13.45,13.6,13.38,13.49,13.463074,48520100.0
2017-05-24,13.75,14.09,13.69,14.05,14.021956,54065800.0
2017-05-25,13.97,14.19,13.63,13.74,13.712575,45030800.0
2017-05-26,13.47,13.79,13.4,13.68,13.652696,63326900.0
2017-05-29,13.68,13.68,13.68,13.68,13.652696,0.0
2017-05-30,13.55,13.64,13.36,13.36,13.333333,34663800.0
2017-05-31,13.21,13.31,12.95,12.96,12.934133,45628800.0
2017-06-01,13.16,13.29,12.82,12.82,12.794412,42873400.0
2017-06-02,12.79,13.05,12.68,13.05,13.023952,43192600.0
2017-06-05,12.96,13.24,12.92,13.18,13.153693,31419400.0
2017-06-06,13.23,13.33,13.03,13.18,13.153693,35558700.0
2017-06-07,13.28,13.34,12.81,12.87,12.844312,44355600.0
2017-06-08,12.78,12.96,12.71,12.84,12.814372,27749200.0
2017-06-09,12.96,13.1,12.83,12.85,12.824352,30382100.0
2017-06-12,12.97,13.03,12.77,12.9,12.874251,30680700.0
2017-06-13,12.95,13.02,12.77,12.94,12.914171,22891000.0
2017-06-14,12.94,13.04,12.61,12.62,12.59481,67382800.0
2017-06-15,12.62,12.62,12.62,12.62,12.59481,0.0
2017-06-16,12.58,12.59,12.21,12.28,12.255489,73551400.0
2017-06-19,12.31,12.47,12.22,12.29,12.26547,45926200.0
2017-06-20,12.12,12.13,11.76,11.86,11.836328,54014700.0
2017-06-21,11.95,12.12,11.59,11.64,11.616767,58778300.0
2017-06-22,11.76,12.04,11.72,12.04,12.015968,42284600.0
2017-06-23,12.11,12.15,11.87,11.93,11.906188,33601000.0
2017-06-26,12.1,12.3,12.04,12.27,12.24551,42731300.0
2017-06-27,12.34,12.48,12.13,12.21,12.185629,45097600.0
2017-06-28,12.27,12.32,12.01,12.08,12.055888,32077400.0
2017-06-29,12.26,12.3,12.09,12.18,12.155689,24380300.0
2017-06-30,12.25,12.48,12.19,12.37,12.345309,29687600.0
2017-07-03,12.28,12.41,12.22,12.36,12.335329,31542500.0
2017-07-04,12.34,12.43,12.32,12.43,12.40519,12523500.0
2017-07-05,12.38,12.52,12.12,12.21,12.185629,41958400.0
2017-07-06,12.28,12.36,12.08,12.17,12.145709,51976900.0
2017-07-07,12.13,12.17,11.85,11.93,11.906188,42677000.0
2017-07-10,11.83,12.01,11.74,11.98,11.956088,21748800.0
2017-07-11,11.95,12.45,11.9,12.33,12.305389,45500900.0
2017-07-12,12.64,12.99,12.51,12.94,12.914171,66332200.0
2017-07-13,12.96,13.04,12.8,12.87,12.844312,32983300.0
2017-07-14,12.96,13.06,12.91,13.05,13.023952,35977500.0
2017-07-17,13.03,13.05,12.87,12.89,12.864272,28118700.0
2017-07-18,13.0,13.02,12.83,12.94,12.914171,19300700.0
2017-07-19,13.0,13.27,12.97,13.23,13.203592,36513700.0
2017-07-20,13.29,13.35,13.03,13.1,13.073853,30114300.0
2017-07-21,13.0,13.04,12.67,12.69,12.664671,38738300.0
2017-07-24,12.83,12.92,12.77,12.88,12.854292,16250400.0
2017-07-25,13.01,13.25,13.01,13.22,13.193613,29930100.0
2017-07-26,13.3,13.34,12.98,13.06,13.033933,29333000.0
2017-07-27,13.05,13.17,13.0,13.0,12.974052,21825900.0
2017-07-28,12.98,13.13,12.91,13.13,13.103793,20980200.0
2017-07-31,13.22,13.31,13.07,13.29,13.263474,31397700.0
2017-08-01,13.3,13.32,13.08,13.12,13.093813,22999400.0
2017-08-02,13.13,13.61,13.08,13.51,13.483034,46342000.0
2017-08-03,13.57,13.66,13.31,13.31,13.283434,31300700.0
2017-08-04,13.41,13.48,13.26,13.4,13.373254,21560500.0
2017-08-07,13.35,13.62,13.33,13.55,13.522955,29832200.0
2017-08-08,13.5,13.69,13.46,13.49,13.463074,28907900.0
2017-08-09,13.51,13.61,13.44,13.52,13.493014,26980300.0
2017-08-10,13.6,13.66,13.15,13.19,13.163672,56194400.0
2017-08-11,13.14,13.2,12.94,12.95,12.924151,43025100.0
2017-08-14,12.98,13.22,12.91,13.08,13.053892,31607400.0
2017-08-15,13.08,13.24,13.05,13.15,13.123753,24737300.0
2017-08-16,13.3,13.38,13.1,13.13,13.103793,44946600.0
2017-08-17,13.12,13.26,13.02,13.05,13.023952,23503300.0
2017-08-18,13.16,13.6,13.16,13.6,13.572855,66263500.0
2017-08-21,13.64,13.66,13.28,13.34,13.313374,40485900.0
2017-08-22,13.7,13.87,13.64,13.79,13.762475,55240700.0
2017-08-23,13.78,13.93,13.65,13.76,13.732535,47679700.0
2017-08-24,13.78,13.89,13.68,13.8,13.772455,32300600.0
2017-08-25,13.87,13.94,13.81,13.88,13.852296,24185600.0
2017-08-28,13.93,14.03,13.76,13.87,13.842316,27208100.0
2017-08-29,13.76,13.85,13.68,13.85,13.822356,27306400.0
2017-08-30,13.79,13.9,13.44,13.45,13.423154,58871700.0
2017-08-31,13.53,13.77,13.47,13.65,13.622754,82909400.0
2017-09-01,13.85,14.19,13.82,14.02,13.992017,60260300.0
2017-09-04,13.96,14.18,13.94,14.17,14.141717,18139300.0
2017-09-05,14.57,14.65,14.23,14.41,14.381238,56476800.0
2017-09-06,14.65,15.02,14.51,15.02,14.990021,68418200.0
2017-09-07,15.02,15.02,15.02,15.02,14.990021,0.0
2017-09-08,15.1,15.15,14.69,14.71,14.680639,36337400.0
2017-09-11,14.88,15.05,14.81,14.99,14.96008,34915900.0
2017-09-12,14.98,15.16,14.86,14.87,14.84032,49702800.0
2017-09-13,14.94,15.1,14.81,15.03,15.0,37010200.0
2017-09-14,15.03,15.26,15.02,15.04,15.00998,34413800.0
2017-09-15,15.07,15.17,14.99,15.04,15.00998,47784700.0
2017-09-18,15.02,15.19,14.98,15.04,15.00998,47601200.0
2017-09-19,15.1,15.17,14.92,15.14,15.109781,35822100.0
2017-09-20,15.25,15.88,15.07,15.87,15.838324,80267000.0
2017-09-21,15.85,15.96,15.58,15.67,15.638723,46258800.0
2017-09-22,15.6,15.8,15.43,15.69,15.658683,40928300.0
2017-09-25,15.79,15.96,15.7,15.84,15.808384,36733200.0
2017-09-26,15.86,15.9,15.56,15.56,15.528943,37874200.0
2017-09-27,15.7,15.72,15.11,15.31,15.279442,41819300.0
2017-09-28,15.37,15.5,15.22,15.34,15.309381,33829000.0
2017-09-29,15.5,15.52,15.3,15.3,15.269462,28638300.0
2017-10-02,15.19,15.4,15.06,15.4,15.369262,29826200.0
2017-10-03,15.6,15.98,15.52,15.98,15.948104,50636700.0
2017-10-04,15.9,15.94,15.65,15.66,15.628743,47798600.0
2017-10-05,15.88,16.110001,15.85,15.9,15.868263,55361300.0
2017-10-06,15.66,15.77,15.54,15.69,15.658683,41741300.0
2017-10-09,15.61,15.89,15.59,15.89,15.858284,27904700.0
2017-10-10,16.129999,16.190001,16.01,16.190001,16.157686,47066600.0
2017-10-11,16.17,16.25,16.01,16.08,16.047905,40422100.0
2017-10-12,16.08,16.08,16.08,16.08,16.047905,0.0
2017-10-13,16.23,16.290001,16.059999,16.08,16.047905,24210000.0
2017-10-16,16.16,16.26,16.0,16.120001,16.087826,44699700.0
2017-10-17,16.139999,16.219999,16.07,16.129999,16.097803,25524800.0
2017-10-18,16.219999,16.280001,16.129999,16.16,16.127745,25706200.0
2017-10-19,16.0,16.16,15.9,16.15,16.117765,24672800.0
2017-10-20,16.190001,16.389999,16.17,16.219999,16.187624,32417500.0
2017-10-23,16.290001,16.290001,16.120001,16.200001,16.167665,29389900.0
2017-10-24,16.290001,16.51,16.120001,16.51,16.477047,46249500.0
2017-10-25,16.530001,16.73,16.450001,16.719999,16.686626,37608200.0
2017-10-26,16.780001,16.889999,16.66,16.73,16.696608,37848300.0
2017-10-27,16.77,17.09,16.65,17.030001,16.99601,45640100.0
2017-10-30,16.969999,17.17,16.74,16.780001,16.746508,55355600.0
2017-10-31,16.9,16.950001,16.719999,16.77,16.736528,32249000.0
2017-11-01,16.99,17.1,16.879999,16.9,16.866268,38876600.0
2017-11-02,16.9,16.9,16.9,16.9,16.866268,0.0
2017-11-03,16.959999,17.01,16.68,16.940001,16.906189,32605400.0
2017-11-06,17.049999,17.440001,16.98,17.43,17.39521,46056100.0
2017-11-07,17.309999,17.35,16.5,16.5,16.467066,61098400.0
2017-11-08,16.690001,16.950001,16.51,16.950001,16.916168,41179600.0
2017-11-09,16.889999,16.940001,16.719999,16.719999,16.686626,29399400.0
2017-11-10,16.709999,16.809999,16.51,16.719999,16.686626,35959400.0
2017-11-13,16.690001,16.77,16.389999,16.639999,16.606787,28697700.0
2017-11-14,16.639999,16.639999,15.28,15.35,15.319362,88765600.0
2017-11-15,15.35,15.35,15.35,15.35,15.319362,0.0
2017-11-16,15.62,16.040001,15.48,15.81,15.778444,42703800.0
2017-11-17,15.92,16.120001,15.81,16.02,15.988025,38376900.0
2017-11-20,16.02,16.02,16.02,16.02,15.988025,0.0
2017-11-21,16.15,16.309999,15.85,15.9,15.868263,45817800.0
2017-11-22,16.09,16.24,15.93,16.110001,16.077845,37444900.0
2017-11-23,15.98,16.26,15.94,16.190001,16.157686,15403600.0
2017-11-24,16.25,16.370001,16.040001,16.1,16.067865,18790700.0
2017-11-27,16.01,16.02,15.78,15.87,15.838324,28445800.0
2017-11-28,15.93,16.040001,15.81,15.84,15.808384,30429600.0
2017-11-29,15.87,15.92,15.32,15.33,15.299401,45973000.0
2017-11-30,15.3,15.47,14.99,15.38,15.349302,52811400.0
2017-12-01,15.34,15.77,15.26,15.61,15.578842,42703800.0
2017-12-04,15.65,15.8,15.46,15.48,15.449101,43821500.0
2017-12-05,15.5,15.83,15.21,15.31,15.279442,30228000.0
2017-12-06,15.22,15.7,15.14,15.52,15.489023,39238500.0
2017-12-07,15.3,15.49,15.07,15.26,15.229542,37281400.0
2017-12-08,15.51,15.68,15.35,15.35,15.319362,39584500.0
2017-12-11,15.48,15.57,15.37,15.38,15.349302,21281600.0
2017-12-12,15.36,15.49,15.18,15.49,15.459082,36201200.0
2017-12-13,15.65,15.68,15.11,15.18,15.149701,46828900.0
2017-12-14,15.1,15.31,15.0,15.01,14.980041,37177300.0
2017-12-15,15.05,15.24,14.95,14.95,14.92016,55668300.0
2017-12-18,15.16,15.33,15.13,15.22,15.189621,42760400.0
2017-12-19,15.18,15.25,15.06,15.14,15.109781,22639700.0
2017-12-20,15.21,15.3,15.17,15.24,15.209581,20149700.0
2017-12-21,15.31,15.87,15.3,15.86,15.828343,47219400.0
2017-12-22,15.75,15.89,15.69,15.75,15.718563,18708500.0
2017-12-25,15.75,15.75,15.75,15.75,15.718563,0.0
2017-12-26,15.75,15.99,15.69,15.97,15.938125,22173100.0
2017-12-27,15.99,16.139999,15.98,16.049999,16.017963,23552200.0
2017-12-28,16.1,16.129999,16.0,16.1,16.067865,19011500.0
2017-12-29,16.1,16.1,16.1,16.1,16.067865,0.0
2018-01-02,16.190001,16.549999,16.190001,16.549999,16.516966,33461800.0
2018-01-03,16.49,16.719999,16.370001,16.700001,16.666668,55940900.0
2018-01-04,16.780001,16.959999,16.620001,16.73,16.696608,37064900.0
2018-01-05,16.700001,16.860001,16.57,16.83,16.796408,26958200.0
2018-01-08,16.74,17.030001,16.709999,17.030001,16.99601,28400000.0
2018-01-09,17.030001,17.16,16.959999,17.030001,16.99601,35070900.0
2018-01-10,16.92,17.049999,16.77,16.799999,16.766466,28547700.0
2018-01-11,16.879999,17.299999,16.84,17.25,17.215569,37921500.0
2018-01-12,17.040001,17.41,17.02,17.299999,17.265469,45912100.0
2018-01-15,17.32,17.440001,17.15,17.35,17.315371,28945400.0
2018-01-16,17.35,17.84,17.299999,17.65,17.614771,58618300.0
2018-01-17,17.92,18.360001,17.809999,18.360001,18.323355,58488900.0
2018-01-18,18.35,18.530001,17.93,18.219999,18.183632,48575800.0
2018-01-19,18.309999,18.42,18.030001,18.26,18.223553,33470200.0
2018-01-22,18.26,18.469999,18.09,18.469999,18.433134,33920000.0
2018-01-23,18.4,18.459999,18.0,18.24,18.203592,35567700.0
2018-01-24,18.42,19.629999,18.42,19.34,19.301397,89768200.0
2018-01-25,19.34,19.34,19.34,19.34,19.301397,0.0
2018-01-26,19.620001,19.98,19.1,19.93,19.890221,81989500.0
2018-01-29,19.67,20.049999,19.57,19.85,19.810381,55726200.0
2018-01-30,19.77,19.77,19.360001,19.49,19.451097,46203000.0
2018-01-31,19.74,19.93,19.68,19.700001,19.660681,41576600.0
2018-02-01,19.76,20.620001,19.76,20.52,20.479042,51950200.0
2018-02-02,20.299999,20.42,19.85,19.969999,19.93014,50657800.0
2018-02-05,19.65,19.969999,19.040001,19.040001,19.001997,62268600.0
2018-02-06,18.66,19.99,18.620001,19.99,19.9501,74146500.0
2018-02-07,19.969999,20.219999,19.360001,19.440001,19.401199,61910300.0
2018-02-08,19.549999,19.74,18.799999,19.049999,19.011976,51115100.0
2018-02-09,19.030001,19.389999,18.51,18.77,18.732536,68727600.0
2018-02-14,19.01,19.360001,18.959999,19.25,19.211576,43402800.0
2018-02-15,19.5,19.540001,19.17,19.4,19.361279,31978000.0
2018-02-16,19.459999,19.58,19.309999,19.42,19.381239,34736300.0
2018-02-19,19.549999,20.1,19.549999,20.049999,20.009979,40925500.0
2018-02-20,19.879999,20.82,19.82,20.440001,20.399202,67418700.0
2018-02-21,20.59,20.879999,20.25,20.25,20.209581,55678400.0
2018-02-22,20.59,20.82,20.540001,20.74,20.698603,38170900.0
2018-02-23,20.950001,21.139999,20.620001,21.120001,21.077847,55755600.0
2018-02-26,21.4,21.690001,21.379999,21.52,21.477047,48160500.0
2018-02-27,21.469999,21.85,21.34,21.5,21.457087,42912500.0
2018-02-28,21.629999,21.77,21.18,21.459999,21.417166,66229400.0
2018-03-01,21.4,21.459999,20.76,21.030001,20.988026,66380900.0
2018-03-02,20.700001,21.51,20.51,21.51,21.467066,52682900.0
2018-03-05,21.49,22.17,21.360001,22.120001,22.07585,54242600.0
2018-03-06,22.5,22.629999,21.860001,21.9,21.856287,57240800.0
2018-03-07,21.690001,21.969999,21.370001,21.67,21.626747,50956600.0
2018-03-08,21.85,21.879999,21.32,21.700001,21.656689,36156800.0
2018-03-09,21.780001,22.389999,21.59,22.389999,22.34531,45560000.0
2018-03-12,22.540001,22.59,22.23,22.33,22.285429,32363900.0
2018-03-13,22.450001,22.540001,22.059999,22.110001,22.06587,34732800.0
2018-03-14,22.299999,22.440001,22.09,22.379999,22.335329,31947600.0
2018-03-15,22.049999,22.18,21.309999,21.309999,21.267466,81097800.0
2018-03-16,21.469999,21.74,21.23,21.43,21.387226,57891900.0
2018-03-19,21.27,21.360001,20.860001,20.93,20.888224,42218400.0
2018-03-20,21.18,21.41,21.110001,21.16,21.117765,30106800.0
2018-03-21,21.25,22.09,21.200001,22.049999,22.005987,53106300.0
2018-03-22,21.860001,22.040001,21.58,21.719999,21.676647,50033300.0
2018-03-23,21.610001,22.110001,21.530001,21.75,21.706587,52815800.0
2018-03-26,22.07,22.200001,21.84,22.030001,21.986029,30174900.0
2018-03-27,22.139999,22.18,21.370001,21.440001,21.397207,43568100.0
2018-03-28,21.26,21.41,20.99,21.200001,21.157686,38539300.0
2018-03-29,21.26,21.559999,21.23,21.41,21.367266,34318800.0
2018-04-02,21.360001,21.459999,20.77,20.9,20.858284,37275000.0
2018-04-03,21.110001,21.190001,20.66,20.709999,20.668663,39245800.0
2018-04-04,20.309999,20.6,20.110001,20.379999,20.339321,58475700.0
2018-04-05,21.15,21.33,21.030001,21.15,21.107784,88599000.0
2018-04-06,20.98,21.280001,20.83,21.280001,21.237526,47908900.0
2018-04-09,21.43,21.440001,20.530001,20.530001,20.489023,44248900.0
2018-04-10,20.91,21.51,20.76,21.4,21.357286,58545100.0
2018-04-11,21.35,21.9,21.33,21.799999,21.756487,62378300.0
2018-04-12,21.790001,21.940001,21.68,21.68,21.636728,36238700.0
2018-04-13,21.639999,21.74,21.059999,21.200001,21.157686,43347800.0
2018-04-16,21.049999,21.24,20.6,20.620001,20.578844,48474200.0
2018-04-17,20.700001,21.08,20.620001,21.030001,20.988026,36570400.0
2018-04-18,21.35,21.870001,21.309999,21.799999,21.756487,65237400.0
2018-04-19,22.07,22.4,21.93,22.200001,22.155689,62475200.0
2018-04-20,22.059999,22.459999,21.9,22.360001,22.315371,61494800.0
2018-04-23,22.09,22.48,21.940001,22.48,22.435129,37023300.0
2018-04-24,22.6,22.77,22.23,22.4,22.355289,46710300.0
2018-04-25,22.01,22.129999,21.67,21.73,21.686626,68160600.0
2018-04-26,22.0,22.629999,21.969999,22.629999,22.584829,56674700.0
2018-04-27,22.84,22.93,22.66,22.709999,22.664671,37858300.0
2018-04-30,22.73,23.02,22.629999,22.969999,22.924152,23681500.0
2018-05-02,22.67,22.93,22.51,22.6,22.554892,31778100.0
2018-05-03,22.540001,22.639999,21.969999,22.450001,22.405191,48855700.0
2018-05-04,22.450001,22.639999,22.27,22.27,22.22555,33599400.0
2018-05-07,22.57,23.17,22.49,22.65,22.60479,47815100.0
2018-05-08,23.059999,23.15,22.52,22.91,22.864271,81198700.0
2018-05-09,23.299999,24.799999,23.219999,24.780001,24.730541,118032300.0
2018-05-10,25.139999,26.49,24.92,25.75,25.698603,126907200.0
2018-05-11,25.83,26.309999,25.42,25.440001,25.389223,72996400.0
2018-05-14,25.85,26.48,25.809999,26.24,26.187626,66938700.0
2018-05-15,26.35,26.9,25.889999,26.790001,26.736528,75230200.0
2018-05-16,26.870001,27.530001,26.84,27.389999,27.335329,64486500.0
2018-05-17,27.35,27.6,25.469999,25.950001,25.898205,112487000.0
2018-05-18,25.01,26.17,24.959999,25.65,25.598803,83206900.0
2018-05-21,26.1,26.290001,24.940001,25.049999,25.0,75971900.0
2018-05-22,24.809999,25.290001,24.15,24.709999,24.709999,88109900.0
2018-05-23,24.23,24.48,23.27,23.27,23.27,74622500.0
2018-05-24,20.049999,20.75,19.65,20.08,20.08,240343800.0
2018-05-25,20.65,21.27,19.66,19.799999,19.799999,131188100.0
