,mortalidade_infantil,exportacoes,saude,importacoes,renda,inflacao,expectativa_vida,fertilidade_total,pib_per_capita
mortalidade_infantil,1.0,-0.31809322264494905,-0.20040205881029746,-0.12721091993876057,-0.5243150164994345,0.2882761680227145,-0.8866760973367771,0.8484781105566707,-0.48303216621678186
exportacoes,-0.31809322264494905,1.0,-0.11440840246461274,0.7373808339554994,0.5167836027021384,-0.10729439255194576,0.31631260495547986,-0.3200105500358079,0.4187247510013237
saude,-0.20040205881029746,-0.11440840246461274,1.0,0.09571667808670582,0.1295786050493511,-0.25537579284391076,0.21069212144020816,-0.19667398827210897,0.3459655251954038
importacoes,-0.12721091993876057,0.7373808339554994,0.09571667808670582,1.0,0.12240624865259918,-0.24699427949656466,0.054390534928787225,-0.1590484337820177,0.11549816977950136
renda,-0.5243150164994345,0.5167836027021384,0.1295786050493511,0.12240624865259918,1.0,-0.14775599560926253,0.6119624680973176,-0.5018400532297548,0.895571433087531
inflacao,0.2882761680227145,-0.10729439255194576,-0.25537579284391076,-0.24699427949656466,-0.14775599560926253,1.0,-0.2397049629576343,0.3169210715383263,-0.22163105810153874
expectativa_vida,-0.8866760973367771,0.31631260495547986,0.21069212144020816,0.054390534928787225,0.6119624680973176,-0.2397049629576343,1.0,-0.7608746874349646,0.6000891345742055
fertilidade_total,0.8484781105566707,-0.3200105500358079,-0.19667398827210897,-0.1590484337820177,-0.5018400532297548,0.3169210715383263,-0.7608746874349646,1.0,-0.45491026725571565
pib_per_capita,-0.48303216621678186,0.4187247510013237,0.3459655251954038,0.11549816977950136,0.895571433087531,-0.22163105810153874,0.6000891345742055,-0.45491026725571565,1.0
